[
  {
    "model": "admin.logentry",
    "pk": 1,
    "fields": {
      "action_time": "2024-06-05T14:37:16.817Z",
      "user": 1,
      "content_type": 4,
      "object_id": "2",
      "object_repr": "mike",
      "action_flag": 1,
      "change_message": "[{\"added\": {}}]"
    }
  },
  {
    "model": "admin.logentry",
    "pk": 2,
    "fields": {
      "action_time": "2024-06-05T14:37:25.765Z",
      "user": 1,
      "content_type": 4,
      "object_id": "2",
      "object_repr": "mike",
      "action_flag": 2,
      "change_message": "[{\"changed\": {\"fields\": [\"Staff status\", \"Superuser status\"]}}]"
    }
  },
  {
    "model": "admin.logentry",
    "pk": 3,
    "fields": {
      "action_time": "2024-06-05T14:38:17.983Z",
      "user": 1,
      "content_type": 4,
      "object_id": "3",
      "object_repr": "parvez",
      "action_flag": 1,
      "change_message": "[{\"added\": {}}]"
    }
  },
  {
    "model": "admin.logentry",
    "pk": 4,
    "fields": {
      "action_time": "2024-06-05T14:38:23.194Z",
      "user": 1,
      "content_type": 4,
      "object_id": "3",
      "object_repr": "parvez",
      "action_flag": 2,
      "change_message": "[{\"changed\": {\"fields\": [\"Staff status\", \"Superuser status\"]}}]"
    }
  },
  {
    "model": "admin.logentry",
    "pk": 5,
    "fields": {
      "action_time": "2024-06-05T14:38:57.978Z",
      "user": 1,
      "content_type": 4,
      "object_id": "4",
      "object_repr": "nadeem",
      "action_flag": 1,
      "change_message": "[{\"added\": {}}]"
    }
  },
  {
    "model": "admin.logentry",
    "pk": 6,
    "fields": {
      "action_time": "2024-06-05T14:39:04.555Z",
      "user": 1,
      "content_type": 4,
      "object_id": "4",
      "object_repr": "nadeem",
      "action_flag": 2,
      "change_message": "[{\"changed\": {\"fields\": [\"Staff status\", \"Superuser status\"]}}]"
    }
  },
  {
    "model": "admin.logentry",
    "pk": 7,
    "fields": {
      "action_time": "2024-06-05T14:39:24.777Z",
      "user": 1,
      "content_type": 4,
      "object_id": "5",
      "object_repr": "karthi",
      "action_flag": 1,
      "change_message": "[{\"added\": {}}]"
    }
  },
  {
    "model": "admin.logentry",
    "pk": 8,
    "fields": {
      "action_time": "2024-06-05T14:39:28.825Z",
      "user": 1,
      "content_type": 4,
      "object_id": "5",
      "object_repr": "karthi",
      "action_flag": 2,
      "change_message": "[{\"changed\": {\"fields\": [\"Staff status\", \"Superuser status\"]}}]"
    }
  },
  {
    "model": "admin.logentry",
    "pk": 9,
    "fields": {
      "action_time": "2024-06-05T14:40:40.604Z",
      "user": 1,
      "content_type": 8,
      "object_id": "1",
      "object_repr": "admin",
      "action_flag": 1,
      "change_message": "[{\"added\": {}}]"
    }
  },
  {
    "model": "admin.logentry",
    "pk": 10,
    "fields": {
      "action_time": "2024-06-05T14:40:56.032Z",
      "user": 1,
      "content_type": 8,
      "object_id": "2",
      "object_repr": "karthi",
      "action_flag": 1,
      "change_message": "[{\"added\": {}}]"
    }
  },
  {
    "model": "admin.logentry",
    "pk": 11,
    "fields": {
      "action_time": "2024-06-05T14:41:44.114Z",
      "user": 1,
      "content_type": 8,
      "object_id": "2",
      "object_repr": "karthi",
      "action_flag": 3,
      "change_message": ""
    }
  },
  {
    "model": "admin.logentry",
    "pk": 12,
    "fields": {
      "action_time": "2024-06-05T14:41:47.217Z",
      "user": 1,
      "content_type": 8,
      "object_id": "1",
      "object_repr": "admin",
      "action_flag": 3,
      "change_message": ""
    }
  },
  {
    "model": "admin.logentry",
    "pk": 13,
    "fields": {
      "action_time": "2024-06-05T14:59:44.331Z",
      "user": 1,
      "content_type": 8,
      "object_id": "3",
      "object_repr": "admin",
      "action_flag": 1,
      "change_message": "[{\"added\": {}}]"
    }
  },
  {
    "model": "admin.logentry",
    "pk": 14,
    "fields": {
      "action_time": "2024-06-05T15:00:03.605Z",
      "user": 1,
      "content_type": 8,
      "object_id": "4",
      "object_repr": "karthi",
      "action_flag": 1,
      "change_message": "[{\"added\": {}}]"
    }
  },
  {
    "model": "admin.logentry",
    "pk": 15,
    "fields": {
      "action_time": "2024-06-05T15:00:16.391Z",
      "user": 1,
      "content_type": 8,
      "object_id": "5",
      "object_repr": "mike",
      "action_flag": 1,
      "change_message": "[{\"added\": {}}]"
    }
  },
  {
    "model": "admin.logentry",
    "pk": 16,
    "fields": {
      "action_time": "2024-06-05T15:00:29.987Z",
      "user": 1,
      "content_type": 8,
      "object_id": "6",
      "object_repr": "nadeem",
      "action_flag": 1,
      "change_message": "[{\"added\": {}}]"
    }
  },
  {
    "model": "admin.logentry",
    "pk": 17,
    "fields": {
      "action_time": "2024-06-05T15:00:43.170Z",
      "user": 1,
      "content_type": 8,
      "object_id": "7",
      "object_repr": "parvez",
      "action_flag": 1,
      "change_message": "[{\"added\": {}}]"
    }
  },
  {
    "model": "admin.logentry",
    "pk": 18,
    "fields": {
      "action_time": "2024-06-05T15:05:48.035Z",
      "user": 1,
      "content_type": 7,
      "object_id": "1",
      "object_repr": "admin",
      "action_flag": 1,
      "change_message": "[{\"added\": {}}]"
    }
  },
  {
    "model": "admin.logentry",
    "pk": 19,
    "fields": {
      "action_time": "2024-06-05T15:08:52.954Z",
      "user": 1,
      "content_type": 7,
      "object_id": "2",
      "object_repr": "karthi",
      "action_flag": 1,
      "change_message": "[{\"added\": {}}]"
    }
  },
  {
    "model": "admin.logentry",
    "pk": 20,
    "fields": {
      "action_time": "2024-06-05T15:08:57.634Z",
      "user": 1,
      "content_type": 7,
      "object_id": "3",
      "object_repr": "mike",
      "action_flag": 1,
      "change_message": "[{\"added\": {}}]"
    }
  },
  {
    "model": "admin.logentry",
    "pk": 21,
    "fields": {
      "action_time": "2024-06-05T15:09:00.636Z",
      "user": 1,
      "content_type": 7,
      "object_id": "4",
      "object_repr": "nadeem",
      "action_flag": 1,
      "change_message": "[{\"added\": {}}]"
    }
  },
  {
    "model": "admin.logentry",
    "pk": 22,
    "fields": {
      "action_time": "2024-06-05T15:09:03.827Z",
      "user": 1,
      "content_type": 7,
      "object_id": "5",
      "object_repr": "parvez",
      "action_flag": 1,
      "change_message": "[{\"added\": {}}]"
    }
  },
  {
    "model": "admin.logentry",
    "pk": 23,
    "fields": {
      "action_time": "2024-06-05T15:09:48.642Z",
      "user": 1,
      "content_type": 8,
      "object_id": "7",
      "object_repr": "parvez",
      "action_flag": 2,
      "change_message": "[{\"changed\": {\"fields\": [\"Friends\"]}}]"
    }
  },
  {
    "model": "admin.logentry",
    "pk": 24,
    "fields": {
      "action_time": "2024-06-05T15:09:55.833Z",
      "user": 1,
      "content_type": 8,
      "object_id": "6",
      "object_repr": "nadeem",
      "action_flag": 2,
      "change_message": "[{\"changed\": {\"fields\": [\"Friends\"]}}]"
    }
  },
  {
    "model": "admin.logentry",
    "pk": 25,
    "fields": {
      "action_time": "2024-06-05T15:10:02.013Z",
      "user": 1,
      "content_type": 8,
      "object_id": "5",
      "object_repr": "mike",
      "action_flag": 2,
      "change_message": "[{\"changed\": {\"fields\": [\"Friends\"]}}]"
    }
  },
  {
    "model": "admin.logentry",
    "pk": 26,
    "fields": {
      "action_time": "2024-06-05T15:10:06.245Z",
      "user": 1,
      "content_type": 8,
      "object_id": "4",
      "object_repr": "karthi",
      "action_flag": 2,
      "change_message": "[{\"changed\": {\"fields\": [\"Friends\"]}}]"
    }
  },
  {
    "model": "admin.logentry",
    "pk": 27,
    "fields": {
      "action_time": "2024-06-05T15:10:11.279Z",
      "user": 1,
      "content_type": 8,
      "object_id": "3",
      "object_repr": "admin",
      "action_flag": 2,
      "change_message": "[{\"changed\": {\"fields\": [\"Friends\"]}}]"
    }
  },
  {
    "model": "admin.logentry",
    "pk": 28,
    "fields": {
      "action_time": "2024-06-08T14:41:34.599Z",
      "user": 1,
      "content_type": 4,
      "object_id": "6",
      "object_repr": "pradeep",
      "action_flag": 1,
      "change_message": "[{\"added\": {}}]"
    }
  },
  {
    "model": "admin.logentry",
    "pk": 29,
    "fields": {
      "action_time": "2024-06-08T14:41:42.175Z",
      "user": 1,
      "content_type": 4,
      "object_id": "6",
      "object_repr": "pradeep",
      "action_flag": 2,
      "change_message": "[{\"changed\": {\"fields\": [\"Staff status\", \"Superuser status\"]}}]"
    }
  },
  {
    "model": "admin.logentry",
    "pk": 30,
    "fields": {
      "action_time": "2024-06-08T14:42:19.470Z",
      "user": 1,
      "content_type": 8,
      "object_id": "8",
      "object_repr": "pradeep",
      "action_flag": 1,
      "change_message": "[{\"added\": {}}]"
    }
  },
  {
    "model": "admin.logentry",
    "pk": 31,
    "fields": {
      "action_time": "2024-06-08T14:42:28.648Z",
      "user": 1,
      "content_type": 7,
      "object_id": "6",
      "object_repr": "pradeep",
      "action_flag": 1,
      "change_message": "[{\"added\": {}}]"
    }
  },
  {
    "model": "admin.logentry",
    "pk": 32,
    "fields": {
      "action_time": "2024-06-08T14:45:36.652Z",
      "user": 1,
      "content_type": 8,
      "object_id": "7",
      "object_repr": "parvez",
      "action_flag": 2,
      "change_message": "[{\"changed\": {\"fields\": [\"Friends\"]}}]"
    }
  },
  {
    "model": "admin.logentry",
    "pk": 33,
    "fields": {
      "action_time": "2024-06-08T14:45:40.642Z",
      "user": 1,
      "content_type": 8,
      "object_id": "6",
      "object_repr": "nadeem",
      "action_flag": 2,
      "change_message": "[{\"changed\": {\"fields\": [\"Friends\"]}}]"
    }
  },
  {
    "model": "admin.logentry",
    "pk": 34,
    "fields": {
      "action_time": "2024-06-08T14:45:44.179Z",
      "user": 1,
      "content_type": 8,
      "object_id": "6",
      "object_repr": "nadeem",
      "action_flag": 2,
      "change_message": "[]"
    }
  },
  {
    "model": "admin.logentry",
    "pk": 35,
    "fields": {
      "action_time": "2024-06-08T14:45:47.195Z",
      "user": 1,
      "content_type": 8,
      "object_id": "5",
      "object_repr": "mike",
      "action_flag": 2,
      "change_message": "[{\"changed\": {\"fields\": [\"Friends\"]}}]"
    }
  },
  {
    "model": "admin.logentry",
    "pk": 36,
    "fields": {
      "action_time": "2024-06-08T14:45:50.002Z",
      "user": 1,
      "content_type": 8,
      "object_id": "4",
      "object_repr": "karthi",
      "action_flag": 2,
      "change_message": "[{\"changed\": {\"fields\": [\"Friends\"]}}]"
    }
  },
  {
    "model": "admin.logentry",
    "pk": 37,
    "fields": {
      "action_time": "2024-06-08T14:45:52.820Z",
      "user": 1,
      "content_type": 8,
      "object_id": "3",
      "object_repr": "admin",
      "action_flag": 2,
      "change_message": "[{\"changed\": {\"fields\": [\"Friends\"]}}]"
    }
  },
  {
    "model": "admin.logentry",
    "pk": 38,
    "fields": {
      "action_time": "2024-06-10T15:23:52.903Z",
      "user": 1,
      "content_type": 9,
      "object_id": "1",
      "object_repr": "sdfkjsd",
      "action_flag": 3,
      "change_message": ""
    }
  },
  {
    "model": "admin.logentry",
    "pk": 39,
    "fields": {
      "action_time": "2024-06-10T15:46:26.904Z",
      "user": 1,
      "content_type": 9,
      "object_id": "6",
      "object_repr": "hi admin",
      "action_flag": 1,
      "change_message": "[{\"added\": {}}]"
    }
  },
  {
    "model": "admin.logentry",
    "pk": 40,
    "fields": {
      "action_time": "2024-06-10T15:47:11.662Z",
      "user": 1,
      "content_type": 9,
      "object_id": "8",
      "object_repr": "yeah I'm fine",
      "action_flag": 1,
      "change_message": "[{\"added\": {}}]"
    }
  },
  {
    "model": "admin.logentry",
    "pk": 41,
    "fields": {
      "action_time": "2024-06-10T15:54:00.784Z",
      "user": 1,
      "content_type": 9,
      "object_id": "10",
      "object_repr": "hi",
      "action_flag": 1,
      "change_message": "[{\"added\": {}}]"
    }
  },
  {
    "model": "admin.logentry",
    "pk": 42,
    "fields": {
      "action_time": "2024-06-20T08:39:55.959Z",
      "user": 1,
      "content_type": 9,
      "object_id": "22",
      "object_repr": "vanako",
      "action_flag": 3,
      "change_message": ""
    }
  },
  {
    "model": "admin.logentry",
    "pk": 43,
    "fields": {
      "action_time": "2024-06-20T08:39:55.970Z",
      "user": 1,
      "content_type": 9,
      "object_id": "21",
      "object_repr": "hello",
      "action_flag": 3,
      "change_message": ""
    }
  },
  {
    "model": "admin.logentry",
    "pk": 44,
    "fields": {
      "action_time": "2024-06-20T08:39:55.976Z",
      "user": 1,
      "content_type": 9,
      "object_id": "20",
      "object_repr": "vanaks",
      "action_flag": 3,
      "change_message": ""
    }
  },
  {
    "model": "admin.logentry",
    "pk": 45,
    "fields": {
      "action_time": "2024-06-20T08:39:55.983Z",
      "user": 1,
      "content_type": 9,
      "object_id": "19",
      "object_repr": "vanakam",
      "action_flag": 3,
      "change_message": ""
    }
  },
  {
    "model": "admin.logentry",
    "pk": 46,
    "fields": {
      "action_time": "2024-06-20T08:39:55.992Z",
      "user": 1,
      "content_type": 9,
      "object_id": "18",
      "object_repr": "how r u",
      "action_flag": 3,
      "change_message": ""
    }
  },
  {
    "model": "admin.logentry",
    "pk": 47,
    "fields": {
      "action_time": "2024-06-20T08:39:55.998Z",
      "user": 1,
      "content_type": 9,
      "object_id": "17",
      "object_repr": "sadfsdf",
      "action_flag": 3,
      "change_message": ""
    }
  },
  {
    "model": "admin.logentry",
    "pk": 48,
    "fields": {
      "action_time": "2024-06-20T08:39:56.004Z",
      "user": 1,
      "content_type": 9,
      "object_id": "16",
      "object_repr": "sfsfsdf",
      "action_flag": 3,
      "change_message": ""
    }
  },
  {
    "model": "admin.logentry",
    "pk": 49,
    "fields": {
      "action_time": "2024-06-20T08:39:56.010Z",
      "user": 1,
      "content_type": 9,
      "object_id": "15",
      "object_repr": "ksjdk",
      "action_flag": 3,
      "change_message": ""
    }
  },
  {
    "model": "admin.logentry",
    "pk": 50,
    "fields": {
      "action_time": "2024-06-20T08:39:56.016Z",
      "user": 1,
      "content_type": 9,
      "object_id": "14",
      "object_repr": "asdf",
      "action_flag": 3,
      "change_message": ""
    }
  },
  {
    "model": "admin.logentry",
    "pk": 51,
    "fields": {
      "action_time": "2024-06-20T08:39:56.022Z",
      "user": 1,
      "content_type": 9,
      "object_id": "13",
      "object_repr": "sdfsjkdfj",
      "action_flag": 3,
      "change_message": ""
    }
  },
  {
    "model": "admin.logentry",
    "pk": 52,
    "fields": {
      "action_time": "2024-06-20T08:39:56.028Z",
      "user": 1,
      "content_type": 9,
      "object_id": "12",
      "object_repr": "sdfkjjaf",
      "action_flag": 3,
      "change_message": ""
    }
  },
  {
    "model": "admin.logentry",
    "pk": 53,
    "fields": {
      "action_time": "2024-06-20T08:39:56.036Z",
      "user": 1,
      "content_type": 9,
      "object_id": "11",
      "object_repr": "kjaskdf",
      "action_flag": 3,
      "change_message": ""
    }
  },
  {
    "model": "admin.logentry",
    "pk": 54,
    "fields": {
      "action_time": "2024-06-20T08:39:56.042Z",
      "user": 1,
      "content_type": 9,
      "object_id": "10",
      "object_repr": "hi",
      "action_flag": 3,
      "change_message": ""
    }
  },
  {
    "model": "admin.logentry",
    "pk": 55,
    "fields": {
      "action_time": "2024-06-20T08:39:56.048Z",
      "user": 1,
      "content_type": 9,
      "object_id": "9",
      "object_repr": "hello karthi",
      "action_flag": 3,
      "change_message": ""
    }
  },
  {
    "model": "admin.logentry",
    "pk": 56,
    "fields": {
      "action_time": "2024-06-20T08:39:56.054Z",
      "user": 1,
      "content_type": 9,
      "object_id": "8",
      "object_repr": "yeah I'm fine",
      "action_flag": 3,
      "change_message": ""
    }
  },
  {
    "model": "admin.logentry",
    "pk": 57,
    "fields": {
      "action_time": "2024-06-20T08:39:56.060Z",
      "user": 1,
      "content_type": 9,
      "object_id": "7",
      "object_repr": "how are you",
      "action_flag": 3,
      "change_message": ""
    }
  },
  {
    "model": "admin.logentry",
    "pk": 58,
    "fields": {
      "action_time": "2024-06-20T08:39:56.067Z",
      "user": 1,
      "content_type": 9,
      "object_id": "6",
      "object_repr": "hi admin",
      "action_flag": 3,
      "change_message": ""
    }
  },
  {
    "model": "admin.logentry",
    "pk": 59,
    "fields": {
      "action_time": "2024-06-20T08:39:56.074Z",
      "user": 1,
      "content_type": 9,
      "object_id": "5",
      "object_repr": "asfdsg",
      "action_flag": 3,
      "change_message": ""
    }
  },
  {
    "model": "admin.logentry",
    "pk": 60,
    "fields": {
      "action_time": "2024-06-20T08:39:56.082Z",
      "user": 1,
      "content_type": 9,
      "object_id": "4",
      "object_repr": "hi nadeem",
      "action_flag": 3,
      "change_message": ""
    }
  },
  {
    "model": "admin.logentry",
    "pk": 61,
    "fields": {
      "action_time": "2024-06-20T08:39:56.088Z",
      "user": 1,
      "content_type": 9,
      "object_id": "3",
      "object_repr": "hi I admin",
      "action_flag": 3,
      "change_message": ""
    }
  },
  {
    "model": "admin.logentry",
    "pk": 62,
    "fields": {
      "action_time": "2024-06-20T08:39:56.096Z",
      "user": 1,
      "content_type": 9,
      "object_id": "2",
      "object_repr": "sjdfksdf",
      "action_flag": 3,
      "change_message": ""
    }
  },
  {
    "model": "admin.logentry",
    "pk": 63,
    "fields": {
      "action_time": "2024-06-20T09:38:49.730Z",
      "user": 1,
      "content_type": 9,
      "object_id": "29",
      "object_repr": "gfgerg",
      "action_flag": 3,
      "change_message": ""
    }
  },
  {
    "model": "admin.logentry",
    "pk": 64,
    "fields": {
      "action_time": "2024-06-20T09:38:49.738Z",
      "user": 1,
      "content_type": 9,
      "object_id": "28",
      "object_repr": "fdgert",
      "action_flag": 3,
      "change_message": ""
    }
  },
  {
    "model": "admin.logentry",
    "pk": 65,
    "fields": {
      "action_time": "2024-06-20T09:38:49.747Z",
      "user": 1,
      "content_type": 9,
      "object_id": "27",
      "object_repr": "wefawe",
      "action_flag": 3,
      "change_message": ""
    }
  },
  {
    "model": "admin.logentry",
    "pk": 66,
    "fields": {
      "action_time": "2024-06-20T09:38:49.753Z",
      "user": 1,
      "content_type": 9,
      "object_id": "26",
      "object_repr": "asdfew",
      "action_flag": 3,
      "change_message": ""
    }
  },
  {
    "model": "admin.logentry",
    "pk": 67,
    "fields": {
      "action_time": "2024-06-20T09:38:49.760Z",
      "user": 1,
      "content_type": 9,
      "object_id": "25",
      "object_repr": "vank",
      "action_flag": 3,
      "change_message": ""
    }
  },
  {
    "model": "admin.logentry",
    "pk": 68,
    "fields": {
      "action_time": "2024-06-20T09:38:49.766Z",
      "user": 1,
      "content_type": 9,
      "object_id": "24",
      "object_repr": "vanakam",
      "action_flag": 3,
      "change_message": ""
    }
  },
  {
    "model": "admin.logentry",
    "pk": 69,
    "fields": {
      "action_time": "2024-06-20T09:38:49.772Z",
      "user": 1,
      "content_type": 9,
      "object_id": "23",
      "object_repr": "hello",
      "action_flag": 3,
      "change_message": ""
    }
  },
  {
    "model": "admin.logentry",
    "pk": 70,
    "fields": {
      "action_time": "2024-06-20T09:38:59.608Z",
      "user": 1,
      "content_type": 9,
      "object_id": "34",
      "object_repr": "klsejfwpoef",
      "action_flag": 3,
      "change_message": ""
    }
  },
  {
    "model": "admin.logentry",
    "pk": 71,
    "fields": {
      "action_time": "2024-06-20T09:38:59.616Z",
      "user": 1,
      "content_type": 9,
      "object_id": "33",
      "object_repr": "htrer",
      "action_flag": 3,
      "change_message": ""
    }
  },
  {
    "model": "admin.logentry",
    "pk": 72,
    "fields": {
      "action_time": "2024-06-20T09:38:59.622Z",
      "user": 1,
      "content_type": 9,
      "object_id": "32",
      "object_repr": "eweg",
      "action_flag": 3,
      "change_message": ""
    }
  },
  {
    "model": "admin.logentry",
    "pk": 73,
    "fields": {
      "action_time": "2024-06-20T09:38:59.628Z",
      "user": 1,
      "content_type": 9,
      "object_id": "31",
      "object_repr": "rgwew",
      "action_flag": 3,
      "change_message": ""
    }
  },
  {
    "model": "admin.logentry",
    "pk": 74,
    "fields": {
      "action_time": "2024-06-20T09:38:59.635Z",
      "user": 1,
      "content_type": 9,
      "object_id": "30",
      "object_repr": "dferef",
      "action_flag": 3,
      "change_message": ""
    }
  },
  {
    "model": "admin.logentry",
    "pk": 75,
    "fields": {
      "action_time": "2024-06-20T15:23:33.164Z",
      "user": 1,
      "content_type": 9,
      "object_id": "37",
      "object_repr": "hi",
      "action_flag": 3,
      "change_message": ""
    }
  },
  {
    "model": "admin.logentry",
    "pk": 76,
    "fields": {
      "action_time": "2024-06-20T15:23:33.172Z",
      "user": 1,
      "content_type": 9,
      "object_id": "36",
      "object_repr": "hi nadeem",
      "action_flag": 3,
      "change_message": ""
    }
  },
  {
    "model": "admin.logentry",
    "pk": 77,
    "fields": {
      "action_time": "2024-06-20T15:23:33.179Z",
      "user": 1,
      "content_type": 9,
      "object_id": "35",
      "object_repr": "hello I'm unknown",
      "action_flag": 3,
      "change_message": ""
    }
  },
  {
    "model": "admin.logentry",
    "pk": 114,
    "fields": {
      "action_time": "2024-06-28T15:10:21.097Z",
      "user": 1,
      "content_type": 8,
      "object_id": "8",
      "object_repr": "pradeep",
      "action_flag": 3,
      "change_message": ""
    }
  },
  {
    "model": "admin.logentry",
    "pk": 115,
    "fields": {
      "action_time": "2024-06-28T15:10:21.104Z",
      "user": 1,
      "content_type": 8,
      "object_id": "7",
      "object_repr": "parvez",
      "action_flag": 3,
      "change_message": ""
    }
  },
  {
    "model": "admin.logentry",
    "pk": 116,
    "fields": {
      "action_time": "2024-06-28T15:10:21.111Z",
      "user": 1,
      "content_type": 8,
      "object_id": "5",
      "object_repr": "mike",
      "action_flag": 3,
      "change_message": ""
    }
  },
  {
    "model": "admin.logentry",
    "pk": 117,
    "fields": {
      "action_time": "2024-06-28T15:13:45.477Z",
      "user": 1,
      "content_type": 8,
      "object_id": "4",
      "object_repr": "karthi",
      "action_flag": 3,
      "change_message": ""
    }
  },
  {
    "model": "admin.logentry",
    "pk": 118,
    "fields": {
      "action_time": "2024-06-28T15:13:49.726Z",
      "user": 1,
      "content_type": 8,
      "object_id": "6",
      "object_repr": "nadeem",
      "action_flag": 3,
      "change_message": ""
    }
  },
  {
    "model": "admin.logentry",
    "pk": 119,
    "fields": {
      "action_time": "2024-06-28T15:13:54.782Z",
      "user": 1,
      "content_type": 8,
      "object_id": "9",
      "object_repr": "maalini",
      "action_flag": 3,
      "change_message": ""
    }
  },
  {
    "model": "admin.logentry",
    "pk": 120,
    "fields": {
      "action_time": "2024-06-28T15:14:19.350Z",
      "user": 1,
      "content_type": 4,
      "object_id": "7",
      "object_repr": "john",
      "action_flag": 3,
      "change_message": ""
    }
  },
  {
    "model": "admin.logentry",
    "pk": 121,
    "fields": {
      "action_time": "2024-06-28T15:14:19.357Z",
      "user": 1,
      "content_type": 4,
      "object_id": "5",
      "object_repr": "karthi",
      "action_flag": 3,
      "change_message": ""
    }
  },
  {
    "model": "admin.logentry",
    "pk": 122,
    "fields": {
      "action_time": "2024-06-28T15:14:19.364Z",
      "user": 1,
      "content_type": 4,
      "object_id": "9",
      "object_repr": "maalini",
      "action_flag": 3,
      "change_message": ""
    }
  },
  {
    "model": "admin.logentry",
    "pk": 123,
    "fields": {
      "action_time": "2024-06-28T15:14:19.370Z",
      "user": 1,
      "content_type": 4,
      "object_id": "8",
      "object_repr": "mayan",
      "action_flag": 3,
      "change_message": ""
    }
  },
  {
    "model": "admin.logentry",
    "pk": 124,
    "fields": {
      "action_time": "2024-06-28T15:14:19.377Z",
      "user": 1,
      "content_type": 4,
      "object_id": "2",
      "object_repr": "mike",
      "action_flag": 3,
      "change_message": ""
    }
  },
  {
    "model": "admin.logentry",
    "pk": 125,
    "fields": {
      "action_time": "2024-06-28T15:14:19.384Z",
      "user": 1,
      "content_type": 4,
      "object_id": "4",
      "object_repr": "nadeem",
      "action_flag": 3,
      "change_message": ""
    }
  },
  {
    "model": "admin.logentry",
    "pk": 126,
    "fields": {
      "action_time": "2024-06-28T15:14:19.391Z",
      "user": 1,
      "content_type": 4,
      "object_id": "3",
      "object_repr": "parvez",
      "action_flag": 3,
      "change_message": ""
    }
  },
  {
    "model": "admin.logentry",
    "pk": 127,
    "fields": {
      "action_time": "2024-06-28T15:14:19.397Z",
      "user": 1,
      "content_type": 4,
      "object_id": "6",
      "object_repr": "pradeep",
      "action_flag": 3,
      "change_message": ""
    }
  },
  {
    "model": "admin.logentry",
    "pk": 128,
    "fields": {
      "action_time": "2024-06-28T15:15:24.352Z",
      "user": 1,
      "content_type": 8,
      "object_id": "3",
      "object_repr": "admin",
      "action_flag": 2,
      "change_message": "[{\"changed\": {\"fields\": [\"Friends\"]}}]"
    }
  },
  {
    "model": "admin.logentry",
    "pk": 129,
    "fields": {
      "action_time": "2024-06-28T15:15:27.608Z",
      "user": 1,
      "content_type": 8,
      "object_id": "10",
      "object_repr": "nadeem",
      "action_flag": 2,
      "change_message": "[{\"changed\": {\"fields\": [\"Friends\"]}}]"
    }
  },
  {
    "model": "admin.logentry",
    "pk": 130,
    "fields": {
      "action_time": "2024-06-28T15:15:56.373Z",
      "user": 1,
      "content_type": 8,
      "object_id": "10",
      "object_repr": "nadeem",
      "action_flag": 2,
      "change_message": "[{\"changed\": {\"fields\": [\"Pic\"]}}]"
    }
  },
  {
    "model": "admin.logentry",
    "pk": 131,
    "fields": {
      "action_time": "2024-06-28T15:16:12.910Z",
      "user": 1,
      "content_type": 8,
      "object_id": "10",
      "object_repr": "nadeem",
      "action_flag": 2,
      "change_message": "[{\"changed\": {\"fields\": [\"Pic\"]}}]"
    }
  },
  {
    "model": "admin.logentry",
    "pk": 132,
    "fields": {
      "action_time": "2024-06-28T15:16:25.992Z",
      "user": 1,
      "content_type": 8,
      "object_id": "10",
      "object_repr": "nadeem",
      "action_flag": 2,
      "change_message": "[{\"changed\": {\"fields\": [\"Pic\"]}}]"
    }
  },
  {
    "model": "admin.logentry",
    "pk": 133,
    "fields": {
      "action_time": "2024-06-28T15:16:38.467Z",
      "user": 1,
      "content_type": 8,
      "object_id": "10",
      "object_repr": "nadeem",
      "action_flag": 2,
      "change_message": "[{\"changed\": {\"fields\": [\"Pic\"]}}]"
    }
  },
  {
    "model": "admin.logentry",
    "pk": 134,
    "fields": {
      "action_time": "2024-06-28T15:18:21.917Z",
      "user": 1,
      "content_type": 4,
      "object_id": "10",
      "object_repr": "nadeem",
      "action_flag": 2,
      "change_message": "[{\"changed\": {\"fields\": [\"Staff status\", \"Superuser status\"]}}]"
    }
  },
  {
    "model": "admin.logentry",
    "pk": 135,
    "fields": {
      "action_time": "2024-06-28T15:24:28.506Z",
      "user": 1,
      "content_type": 8,
      "object_id": "10",
      "object_repr": "nadeem",
      "action_flag": 2,
      "change_message": "[{\"changed\": {\"fields\": [\"Friends\"]}}]"
    }
  },
  {
    "model": "admin.logentry",
    "pk": 136,
    "fields": {
      "action_time": "2024-06-28T15:24:31.559Z",
      "user": 1,
      "content_type": 8,
      "object_id": "3",
      "object_repr": "admin",
      "action_flag": 2,
      "change_message": "[{\"changed\": {\"fields\": [\"Friends\"]}}]"
    }
  },
  {
    "model": "admin.logentry",
    "pk": 137,
    "fields": {
      "action_time": "2024-06-28T15:24:40.612Z",
      "user": 1,
      "content_type": 4,
      "object_id": "10",
      "object_repr": "nadeem",
      "action_flag": 2,
      "change_message": "[{\"changed\": {\"fields\": [\"Staff status\", \"Superuser status\"]}}]"
    }
  },
  {
    "model": "admin.logentry",
    "pk": 138,
    "fields": {
      "action_time": "2024-07-02T08:32:43.128Z",
      "user": 1,
      "content_type": 4,
      "object_id": "11",
      "object_repr": "mary",
      "action_flag": 3,
      "change_message": ""
    }
  },
  {
    "model": "admin.logentry",
    "pk": 139,
    "fields": {
      "action_time": "2024-07-02T08:32:43.135Z",
      "user": 1,
      "content_type": 4,
      "object_id": "10",
      "object_repr": "nadeem",
      "action_flag": 3,
      "change_message": ""
    }
  },
  {
    "model": "admin.logentry",
    "pk": 140,
    "fields": {
      "action_time": "2024-07-02T08:43:07.832Z",
      "user": 1,
      "content_type": 4,
      "object_id": "12",
      "object_repr": "nadeem",
      "action_flag": 3,
      "change_message": ""
    }
  },
  {
    "model": "admin.logentry",
    "pk": 141,
    "fields": {
      "action_time": "2024-07-02T09:03:38.048Z",
      "user": 1,
      "content_type": 8,
      "object_id": "3",
      "object_repr": "admin",
      "action_flag": 2,
      "change_message": "[{\"changed\": {\"fields\": [\"Pic\"]}}]"
    }
  },
  {
    "model": "admin.logentry",
    "pk": 142,
    "fields": {
      "action_time": "2024-07-02T09:03:51.926Z",
      "user": 1,
      "content_type": 8,
      "object_id": "3",
      "object_repr": "admin",
      "action_flag": 2,
      "change_message": "[{\"changed\": {\"fields\": [\"Pic\"]}}]"
    }
  },
  {
    "model": "admin.logentry",
    "pk": 143,
    "fields": {
      "action_time": "2024-07-02T09:04:25.260Z",
      "user": 1,
      "content_type": 8,
      "object_id": "3",
      "object_repr": "admin",
      "action_flag": 2,
      "change_message": "[{\"changed\": {\"fields\": [\"Pic\"]}}]"
    }
  },
  {
    "model": "admin.logentry",
    "pk": 144,
    "fields": {
      "action_time": "2024-07-02T09:06:31.613Z",
      "user": 1,
      "content_type": 8,
      "object_id": "3",
      "object_repr": "admin",
      "action_flag": 2,
      "change_message": "[{\"changed\": {\"fields\": [\"Pic\"]}}]"
    }
  },
  {
    "model": "admin.logentry",
    "pk": 145,
    "fields": {
      "action_time": "2024-07-02T09:08:20.162Z",
      "user": 1,
      "content_type": 8,
      "object_id": "3",
      "object_repr": "admin",
      "action_flag": 2,
      "change_message": "[{\"changed\": {\"fields\": [\"Pic\"]}}]"
    }
  },
  {
    "model": "admin.logentry",
    "pk": 146,
    "fields": {
      "action_time": "2024-07-02T09:08:42.272Z",
      "user": 1,
      "content_type": 8,
      "object_id": "3",
      "object_repr": "admin",
      "action_flag": 2,
      "change_message": "[{\"changed\": {\"fields\": [\"Pic\"]}}]"
    }
  },
  {
    "model": "admin.logentry",
    "pk": 147,
    "fields": {
      "action_time": "2024-07-02T09:09:02.912Z",
      "user": 1,
      "content_type": 8,
      "object_id": "3",
      "object_repr": "admin",
      "action_flag": 2,
      "change_message": "[{\"changed\": {\"fields\": [\"Pic\"]}}]"
    }
  },
  {
    "model": "admin.logentry",
    "pk": 148,
    "fields": {
      "action_time": "2024-07-02T09:09:20.487Z",
      "user": 1,
      "content_type": 8,
      "object_id": "3",
      "object_repr": "admin",
      "action_flag": 2,
      "change_message": "[{\"changed\": {\"fields\": [\"Pic\"]}}]"
    }
  },
  {
    "model": "admin.logentry",
    "pk": 149,
    "fields": {
      "action_time": "2024-07-02T09:10:46.778Z",
      "user": 1,
      "content_type": 8,
      "object_id": "3",
      "object_repr": "admin",
      "action_flag": 2,
      "change_message": "[{\"changed\": {\"fields\": [\"Pic\"]}}]"
    }
  },
  {
    "model": "admin.logentry",
    "pk": 150,
    "fields": {
      "action_time": "2024-07-02T09:13:49.350Z",
      "user": 1,
      "content_type": 8,
      "object_id": "13",
      "object_repr": "nadeem",
      "action_flag": 2,
      "change_message": "[{\"changed\": {\"fields\": [\"Pic\"]}}]"
    }
  },
  {
    "model": "admin.logentry",
    "pk": 151,
    "fields": {
      "action_time": "2024-07-02T09:14:02.223Z",
      "user": 1,
      "content_type": 8,
      "object_id": "13",
      "object_repr": "nadeem",
      "action_flag": 2,
      "change_message": "[{\"changed\": {\"fields\": [\"Pic\"]}}]"
    }
  },
  {
    "model": "admin.logentry",
    "pk": 152,
    "fields": {
      "action_time": "2024-07-02T09:14:25.003Z",
      "user": 1,
      "content_type": 8,
      "object_id": "3",
      "object_repr": "admin",
      "action_flag": 2,
      "change_message": "[{\"changed\": {\"fields\": [\"Friends\"]}}]"
    }
  },
  {
    "model": "admin.logentry",
    "pk": 153,
    "fields": {
      "action_time": "2024-07-02T09:14:29.030Z",
      "user": 1,
      "content_type": 8,
      "object_id": "13",
      "object_repr": "nadeem",
      "action_flag": 2,
      "change_message": "[{\"changed\": {\"fields\": [\"Friends\"]}}]"
    }
  },
  {
    "model": "admin.logentry",
    "pk": 154,
    "fields": {
      "action_time": "2024-07-02T09:15:36.835Z",
      "user": 1,
      "content_type": 7,
      "object_id": "7",
      "object_repr": "nadeem",
      "action_flag": 1,
      "change_message": "[{\"added\": {}}]"
    }
  },
  {
    "model": "admin.logentry",
    "pk": 155,
    "fields": {
      "action_time": "2024-07-02T15:06:45.608Z",
      "user": 1,
      "content_type": 8,
      "object_id": "3",
      "object_repr": "admin",
      "action_flag": 2,
      "change_message": "[{\"changed\": {\"fields\": [\"Pic\"]}}]"
    }
  },
  {
    "model": "admin.logentry",
    "pk": 156,
    "fields": {
      "action_time": "2024-07-02T15:07:03.989Z",
      "user": 1,
      "content_type": 8,
      "object_id": "3",
      "object_repr": "admin",
      "action_flag": 2,
      "change_message": "[{\"changed\": {\"fields\": [\"Pic\"]}}]"
    }
  },
  {
    "model": "admin.logentry",
    "pk": 157,
    "fields": {
      "action_time": "2024-07-02T15:09:14.108Z",
      "user": 1,
      "content_type": 8,
      "object_id": "3",
      "object_repr": "admin",
      "action_flag": 2,
      "change_message": "[{\"changed\": {\"fields\": [\"Pic\"]}}]"
    }
  },
  {
    "model": "admin.logentry",
    "pk": 158,
    "fields": {
      "action_time": "2024-07-02T15:09:29.977Z",
      "user": 1,
      "content_type": 8,
      "object_id": "3",
      "object_repr": "admin",
      "action_flag": 2,
      "change_message": "[{\"changed\": {\"fields\": [\"Pic\"]}}]"
    }
  },
  {
    "model": "admin.logentry",
    "pk": 159,
    "fields": {
      "action_time": "2024-07-02T15:17:59.827Z",
      "user": 1,
      "content_type": 8,
      "object_id": "3",
      "object_repr": "admin",
      "action_flag": 2,
      "change_message": "[{\"changed\": {\"fields\": [\"Pic\"]}}]"
    }
  },
  {
    "model": "admin.logentry",
    "pk": 160,
    "fields": {
      "action_time": "2024-07-02T15:30:33.400Z",
      "user": 1,
      "content_type": 8,
      "object_id": "13",
      "object_repr": "nadeem",
      "action_flag": 2,
      "change_message": "[{\"changed\": {\"fields\": [\"Pic\"]}}]"
    }
  },
  {
    "model": "admin.logentry",
    "pk": 161,
    "fields": {
      "action_time": "2024-07-02T15:30:53.132Z",
      "user": 1,
      "content_type": 8,
      "object_id": "3",
      "object_repr": "admin",
      "action_flag": 2,
      "change_message": "[{\"changed\": {\"fields\": [\"Pic\"]}}]"
    }
  },
  {
    "model": "admin.logentry",
    "pk": 162,
    "fields": {
      "action_time": "2024-07-02T15:33:06.875Z",
      "user": 1,
      "content_type": 8,
      "object_id": "3",
      "object_repr": "admin",
      "action_flag": 2,
      "change_message": "[{\"changed\": {\"fields\": [\"Pic\"]}}]"
    }
  },
  {
    "model": "admin.logentry",
    "pk": 163,
    "fields": {
      "action_time": "2024-07-02T15:33:52.071Z",
      "user": 1,
      "content_type": 8,
      "object_id": "3",
      "object_repr": "admin",
      "action_flag": 2,
      "change_message": "[{\"changed\": {\"fields\": [\"Pic\"]}}]"
    }
  },
  {
    "model": "admin.logentry",
    "pk": 164,
    "fields": {
      "action_time": "2024-07-02T15:37:19.272Z",
      "user": 1,
      "content_type": 8,
      "object_id": "3",
      "object_repr": "admin",
      "action_flag": 2,
      "change_message": "[]"
    }
  },
  {
    "model": "admin.logentry",
    "pk": 165,
    "fields": {
      "action_time": "2024-07-02T15:37:27.473Z",
      "user": 1,
      "content_type": 8,
      "object_id": "13",
      "object_repr": "nadeem",
      "action_flag": 2,
      "change_message": "[{\"changed\": {\"fields\": [\"Pic\"]}}]"
    }
  },
  {
    "model": "admin.logentry",
    "pk": 166,
    "fields": {
      "action_time": "2024-07-02T15:38:38.355Z",
      "user": 1,
      "content_type": 8,
      "object_id": "13",
      "object_repr": "nadeem",
      "action_flag": 2,
      "change_message": "[{\"changed\": {\"fields\": [\"Pic\"]}}]"
    }
  },
  {
    "model": "admin.logentry",
    "pk": 167,
    "fields": {
      "action_time": "2024-07-02T15:45:15.715Z",
      "user": 1,
      "content_type": 8,
      "object_id": "13",
      "object_repr": "nadeem",
      "action_flag": 2,
      "change_message": "[{\"changed\": {\"fields\": [\"Pic\"]}}]"
    }
  },
  {
    "model": "admin.logentry",
    "pk": 168,
    "fields": {
      "action_time": "2024-07-02T15:53:35.925Z",
      "user": 1,
      "content_type": 8,
      "object_id": "13",
      "object_repr": "nadeem",
      "action_flag": 2,
      "change_message": "[{\"changed\": {\"fields\": [\"Pic\"]}}]"
    }
  },
  {
    "model": "admin.logentry",
    "pk": 169,
    "fields": {
      "action_time": "2024-07-02T15:58:07.253Z",
      "user": 1,
      "content_type": 8,
      "object_id": "3",
      "object_repr": "admin",
      "action_flag": 2,
      "change_message": "[{\"changed\": {\"fields\": [\"Pic\"]}}]"
    }
  },
  {
    "model": "admin.logentry",
    "pk": 170,
    "fields": {
      "action_time": "2024-07-02T15:59:03.912Z",
      "user": 1,
      "content_type": 8,
      "object_id": "3",
      "object_repr": "admin",
      "action_flag": 2,
      "change_message": "[{\"changed\": {\"fields\": [\"Pic\"]}}]"
    }
  },
  {
    "model": "admin.logentry",
    "pk": 171,
    "fields": {
      "action_time": "2024-07-02T16:00:28.148Z",
      "user": 1,
      "content_type": 8,
      "object_id": "3",
      "object_repr": "admin",
      "action_flag": 2,
      "change_message": "[{\"changed\": {\"fields\": [\"Pic\"]}}]"
    }
  },
  {
    "model": "admin.logentry",
    "pk": 172,
    "fields": {
      "action_time": "2024-07-02T16:02:15.011Z",
      "user": 1,
      "content_type": 8,
      "object_id": "3",
      "object_repr": "admin",
      "action_flag": 2,
      "change_message": "[{\"changed\": {\"fields\": [\"Pic\"]}}]"
    }
  },
  {
    "model": "admin.logentry",
    "pk": 173,
    "fields": {
      "action_time": "2024-07-02T16:07:28.540Z",
      "user": 1,
      "content_type": 8,
      "object_id": "13",
      "object_repr": "nadeem",
      "action_flag": 2,
      "change_message": "[{\"changed\": {\"fields\": [\"Pic\"]}}]"
    }
  },
  {
    "model": "admin.logentry",
    "pk": 174,
    "fields": {
      "action_time": "2024-07-02T16:07:55.835Z",
      "user": 1,
      "content_type": 8,
      "object_id": "3",
      "object_repr": "admin",
      "action_flag": 2,
      "change_message": "[{\"changed\": {\"fields\": [\"Pic\"]}}]"
    }
  },
  {
    "model": "admin.logentry",
    "pk": 175,
    "fields": {
      "action_time": "2024-07-02T16:08:07.013Z",
      "user": 1,
      "content_type": 8,
      "object_id": "13",
      "object_repr": "nadeem",
      "action_flag": 2,
      "change_message": "[{\"changed\": {\"fields\": [\"Pic\"]}}]"
    }
  },
  {
    "model": "admin.logentry",
    "pk": 176,
    "fields": {
      "action_time": "2024-07-02T16:08:16.622Z",
      "user": 1,
      "content_type": 8,
      "object_id": "3",
      "object_repr": "admin",
      "action_flag": 2,
      "change_message": "[{\"changed\": {\"fields\": [\"Pic\"]}}]"
    }
  },
  {
    "model": "admin.logentry",
    "pk": 177,
    "fields": {
      "action_time": "2024-07-05T15:48:39.043Z",
      "user": 1,
      "content_type": 8,
      "object_id": "17",
      "object_repr": "parvez",
      "action_flag": 2,
      "change_message": "[{\"changed\": {\"fields\": [\"Pic\"]}}]"
    }
  },
  {
    "model": "admin.logentry",
    "pk": 178,
    "fields": {
      "action_time": "2024-07-05T15:48:49.921Z",
      "user": 1,
      "content_type": 8,
      "object_id": "16",
      "object_repr": "john",
      "action_flag": 2,
      "change_message": "[{\"changed\": {\"fields\": [\"Pic\"]}}]"
    }
  },
  {
    "model": "admin.logentry",
    "pk": 179,
    "fields": {
      "action_time": "2024-07-05T15:49:10.551Z",
      "user": 1,
      "content_type": 8,
      "object_id": "15",
      "object_repr": "kumar",
      "action_flag": 2,
      "change_message": "[{\"changed\": {\"fields\": [\"Pic\"]}}]"
    }
  },
  {
    "model": "admin.logentry",
    "pk": 180,
    "fields": {
      "action_time": "2024-07-05T15:49:16.379Z",
      "user": 1,
      "content_type": 8,
      "object_id": "15",
      "object_repr": "kumar",
      "action_flag": 2,
      "change_message": "[]"
    }
  },
  {
    "model": "admin.logentry",
    "pk": 181,
    "fields": {
      "action_time": "2024-07-05T15:49:22.378Z",
      "user": 1,
      "content_type": 8,
      "object_id": "14",
      "object_repr": "mary",
      "action_flag": 2,
      "change_message": "[{\"changed\": {\"fields\": [\"Pic\"]}}]"
    }
  },
  {
    "model": "admin.logentry",
    "pk": 182,
    "fields": {
      "action_time": "2024-07-05T15:49:47.048Z",
      "user": 1,
      "content_type": 8,
      "object_id": "14",
      "object_repr": "mary",
      "action_flag": 2,
      "change_message": "[{\"changed\": {\"fields\": [\"Pic\"]}}]"
    }
  },
  {
    "model": "admin.logentry",
    "pk": 183,
    "fields": {
      "action_time": "2024-07-05T16:17:01.052Z",
      "user": 1,
      "content_type": 8,
      "object_id": "3",
      "object_repr": "admin",
      "action_flag": 2,
      "change_message": "[{\"changed\": {\"fields\": [\"Friends\"]}}]"
    }
  },
  {
    "model": "admin.logentry",
    "pk": 184,
    "fields": {
      "action_time": "2024-07-05T16:17:21.163Z",
      "user": 1,
      "content_type": 8,
      "object_id": "17",
      "object_repr": "parvez",
      "action_flag": 2,
      "change_message": "[{\"changed\": {\"fields\": [\"Friends\"]}}]"
    }
  },
  {
    "model": "admin.logentry",
    "pk": 185,
    "fields": {
      "action_time": "2024-07-05T16:17:25.164Z",
      "user": 1,
      "content_type": 8,
      "object_id": "3",
      "object_repr": "admin",
      "action_flag": 2,
      "change_message": "[]"
    }
  },
  {
    "model": "admin.logentry",
    "pk": 186,
    "fields": {
      "action_time": "2024-07-05T16:20:22.267Z",
      "user": 1,
      "content_type": 8,
      "object_id": "17",
      "object_repr": "parvez",
      "action_flag": 2,
      "change_message": "[]"
    }
  },
  {
    "model": "admin.logentry",
    "pk": 187,
    "fields": {
      "action_time": "2024-07-05T16:24:59.654Z",
      "user": 1,
      "content_type": 7,
      "object_id": "8",
      "object_repr": "parvez",
      "action_flag": 1,
      "change_message": "[{\"added\": {}}]"
    }
  },
  {
    "model": "admin.logentry",
    "pk": 188,
    "fields": {
      "action_time": "2024-07-08T07:39:24.887Z",
      "user": 1,
      "content_type": 8,
      "object_id": "13",
      "object_repr": "nadeem",
      "action_flag": 2,
      "change_message": "[{\"changed\": {\"fields\": [\"Name\", \"Friends\"]}}]"
    }
  },
  {
    "model": "admin.logentry",
    "pk": 189,
    "fields": {
      "action_time": "2024-07-08T07:39:35.028Z",
      "user": 1,
      "content_type": 8,
      "object_id": "17",
      "object_repr": "parvez",
      "action_flag": 2,
      "change_message": "[{\"changed\": {\"fields\": [\"Friends\"]}}]"
    }
  },
  {
    "model": "admin.logentry",
    "pk": 190,
    "fields": {
      "action_time": "2024-07-08T08:10:25.708Z",
      "user": 1,
      "content_type": 8,
      "object_id": "3",
      "object_repr": "admin",
      "action_flag": 2,
      "change_message": "[{\"changed\": {\"fields\": [\"Friends\"]}}]"
    }
  },
  {
    "model": "admin.logentry",
    "pk": 191,
    "fields": {
      "action_time": "2024-07-08T08:11:16.660Z",
      "user": 1,
      "content_type": 7,
      "object_id": "9",
      "object_repr": "john",
      "action_flag": 1,
      "change_message": "[{\"added\": {}}]"
    }
  },
  {
    "model": "admin.logentry",
    "pk": 192,
    "fields": {
      "action_time": "2024-07-08T08:12:03.041Z",
      "user": 1,
      "content_type": 8,
      "object_id": "16",
      "object_repr": "john",
      "action_flag": 2,
      "change_message": "[{\"changed\": {\"fields\": [\"Friends\"]}}]"
    }
  },
  {
    "model": "admin.logentry",
    "pk": 193,
    "fields": {
      "action_time": "2024-07-08T08:12:56.158Z",
      "user": 1,
      "content_type": 7,
      "object_id": "9",
      "object_repr": "john",
      "action_flag": 3,
      "change_message": ""
    }
  },
  {
    "model": "admin.logentry",
    "pk": 194,
    "fields": {
      "action_time": "2024-07-08T08:13:04.913Z",
      "user": 1,
      "content_type": 8,
      "object_id": "3",
      "object_repr": "admin",
      "action_flag": 2,
      "change_message": "[{\"changed\": {\"fields\": [\"Friends\"]}}]"
    }
  },
  {
    "model": "admin.logentry",
    "pk": 195,
    "fields": {
      "action_time": "2024-07-08T08:13:10.585Z",
      "user": 1,
      "content_type": 8,
      "object_id": "16",
      "object_repr": "john",
      "action_flag": 2,
      "change_message": "[{\"changed\": {\"fields\": [\"Friends\"]}}]"
    }
  },
  {
    "model": "admin.logentry",
    "pk": 196,
    "fields": {
      "action_time": "2024-07-08T08:13:49.123Z",
      "user": 1,
      "content_type": 8,
      "object_id": "3",
      "object_repr": "admin",
      "action_flag": 2,
      "change_message": "[{\"changed\": {\"fields\": [\"Friends\"]}}]"
    }
  },
  {
    "model": "admin.logentry",
    "pk": 197,
    "fields": {
      "action_time": "2024-07-08T08:13:53.224Z",
      "user": 1,
      "content_type": 8,
      "object_id": "17",
      "object_repr": "parvez",
      "action_flag": 2,
      "change_message": "[{\"changed\": {\"fields\": [\"Friends\"]}}]"
    }
  },
  {
    "model": "admin.logentry",
    "pk": 198,
    "fields": {
      "action_time": "2024-07-08T08:14:47.546Z",
      "user": 1,
      "content_type": 8,
      "object_id": "17",
      "object_repr": "parvez",
      "action_flag": 2,
      "change_message": "[{\"changed\": {\"fields\": [\"Friends\"]}}]"
    }
  },
  {
    "model": "admin.logentry",
    "pk": 199,
    "fields": {
      "action_time": "2024-07-08T08:14:53.202Z",
      "user": 1,
      "content_type": 8,
      "object_id": "3",
      "object_repr": "admin",
      "action_flag": 2,
      "change_message": "[{\"changed\": {\"fields\": [\"Friends\"]}}]"
    }
  },
  {
    "model": "admin.logentry",
    "pk": 200,
    "fields": {
      "action_time": "2024-07-09T12:00:14.309Z",
      "user": 1,
      "content_type": 10,
      "object_id": "6",
      "object_repr": "admin sent mary a friend request",
      "action_flag": 3,
      "change_message": ""
    }
  },
  {
    "model": "admin.logentry",
    "pk": 201,
    "fields": {
      "action_time": "2024-07-09T12:00:14.316Z",
      "user": 1,
      "content_type": 10,
      "object_id": "5",
      "object_repr": "admin sent mary a friend request",
      "action_flag": 3,
      "change_message": ""
    }
  },
  {
    "model": "admin.logentry",
    "pk": 202,
    "fields": {
      "action_time": "2024-07-09T12:00:14.322Z",
      "user": 1,
      "content_type": 10,
      "object_id": "4",
      "object_repr": "admin sent kumar a friend request",
      "action_flag": 3,
      "change_message": ""
    }
  },
  {
    "model": "admin.logentry",
    "pk": 203,
    "fields": {
      "action_time": "2024-07-09T12:00:14.329Z",
      "user": 1,
      "content_type": 10,
      "object_id": "3",
      "object_repr": "admin sent mary a friend request",
      "action_flag": 3,
      "change_message": ""
    }
  },
  {
    "model": "admin.logentry",
    "pk": 204,
    "fields": {
      "action_time": "2024-07-09T12:00:14.337Z",
      "user": 1,
      "content_type": 10,
      "object_id": "2",
      "object_repr": "admin sent mary a friend request",
      "action_flag": 3,
      "change_message": ""
    }
  },
  {
    "model": "admin.logentry",
    "pk": 205,
    "fields": {
      "action_time": "2024-07-09T12:00:14.344Z",
      "user": 1,
      "content_type": 10,
      "object_id": "1",
      "object_repr": "admin sent mary a friend request",
      "action_flag": 3,
      "change_message": ""
    }
  },
  {
    "model": "admin.logentry",
    "pk": 206,
    "fields": {
      "action_time": "2024-07-09T12:00:30.913Z",
      "user": 1,
      "content_type": 8,
      "object_id": "3",
      "object_repr": "admin",
      "action_flag": 2,
      "change_message": "[{\"changed\": {\"fields\": [\"Friends\"]}}]"
    }
  },
  {
    "model": "admin.logentry",
    "pk": 207,
    "fields": {
      "action_time": "2024-07-09T12:00:46.199Z",
      "user": 1,
      "content_type": 8,
      "object_id": "13",
      "object_repr": "nadeem",
      "action_flag": 2,
      "change_message": "[{\"changed\": {\"fields\": [\"Friends\"]}}]"
    }
  },
  {
    "model": "admin.logentry",
    "pk": 208,
    "fields": {
      "action_time": "2024-07-09T12:00:50.749Z",
      "user": 1,
      "content_type": 8,
      "object_id": "3",
      "object_repr": "admin",
      "action_flag": 2,
      "change_message": "[{\"changed\": {\"fields\": [\"Friends\"]}}]"
    }
  },
  {
    "model": "admin.logentry",
    "pk": 209,
    "fields": {
      "action_time": "2024-07-09T12:03:55.189Z",
      "user": 1,
      "content_type": 4,
      "object_id": "16",
      "object_repr": "john",
      "action_flag": 3,
      "change_message": ""
    }
  },
  {
    "model": "admin.logentry",
    "pk": 210,
    "fields": {
      "action_time": "2024-07-09T12:03:55.196Z",
      "user": 1,
      "content_type": 4,
      "object_id": "15",
      "object_repr": "kumar",
      "action_flag": 3,
      "change_message": ""
    }
  },
  {
    "model": "admin.logentry",
    "pk": 211,
    "fields": {
      "action_time": "2024-07-09T12:03:55.204Z",
      "user": 1,
      "content_type": 4,
      "object_id": "14",
      "object_repr": "mary",
      "action_flag": 3,
      "change_message": ""
    }
  },
  {
    "model": "admin.logentry",
    "pk": 212,
    "fields": {
      "action_time": "2024-07-09T12:03:55.210Z",
      "user": 1,
      "content_type": 4,
      "object_id": "13",
      "object_repr": "nadeem",
      "action_flag": 3,
      "change_message": ""
    }
  },
  {
    "model": "admin.logentry",
    "pk": 213,
    "fields": {
      "action_time": "2024-07-09T12:03:55.216Z",
      "user": 1,
      "content_type": 4,
      "object_id": "17",
      "object_repr": "parvez",
      "action_flag": 3,
      "change_message": ""
    }
  },
  {
    "model": "admin.logentry",
    "pk": 214,
    "fields": {
      "action_time": "2024-07-09T12:05:12.014Z",
      "user": 1,
      "content_type": 4,
      "object_id": "18",
      "object_repr": "nadeem",
      "action_flag": 1,
      "change_message": "[{\"added\": {}}]"
    }
  },
  {
    "model": "admin.logentry",
    "pk": 215,
    "fields": {
      "action_time": "2024-07-09T12:05:31.393Z",
      "user": 1,
      "content_type": 4,
      "object_id": "18",
      "object_repr": "nadeem",
      "action_flag": 2,
      "change_message": "[]"
    }
  },
  {
    "model": "admin.logentry",
    "pk": 216,
    "fields": {
      "action_time": "2024-07-09T12:06:01.291Z",
      "user": 1,
      "content_type": 8,
      "object_id": "18",
      "object_repr": "nadeem",
      "action_flag": 2,
      "change_message": "[{\"changed\": {\"fields\": [\"Pic\"]}}]"
    }
  },
  {
    "model": "admin.logentry",
    "pk": 217,
    "fields": {
      "action_time": "2024-07-09T12:06:24.878Z",
      "user": 1,
      "content_type": 4,
      "object_id": "19",
      "object_repr": "parvez",
      "action_flag": 1,
      "change_message": "[{\"added\": {}}]"
    }
  },
  {
    "model": "admin.logentry",
    "pk": 218,
    "fields": {
      "action_time": "2024-07-09T12:06:29.709Z",
      "user": 1,
      "content_type": 4,
      "object_id": "19",
      "object_repr": "parvez",
      "action_flag": 2,
      "change_message": "[]"
    }
  },
  {
    "model": "admin.logentry",
    "pk": 219,
    "fields": {
      "action_time": "2024-07-09T12:06:45.910Z",
      "user": 1,
      "content_type": 8,
      "object_id": "19",
      "object_repr": "parvez",
      "action_flag": 2,
      "change_message": "[{\"changed\": {\"fields\": [\"Pic\"]}}]"
    }
  },
  {
    "model": "admin.logentry",
    "pk": 220,
    "fields": {
      "action_time": "2024-07-09T12:07:08.306Z",
      "user": 1,
      "content_type": 4,
      "object_id": "20",
      "object_repr": "mary",
      "action_flag": 1,
      "change_message": "[{\"added\": {}}]"
    }
  },
  {
    "model": "admin.logentry",
    "pk": 221,
    "fields": {
      "action_time": "2024-07-09T12:07:10.990Z",
      "user": 1,
      "content_type": 4,
      "object_id": "20",
      "object_repr": "mary",
      "action_flag": 2,
      "change_message": "[]"
    }
  },
  {
    "model": "admin.logentry",
    "pk": 222,
    "fields": {
      "action_time": "2024-07-09T12:07:28.776Z",
      "user": 1,
      "content_type": 8,
      "object_id": "20",
      "object_repr": "mary",
      "action_flag": 2,
      "change_message": "[{\"changed\": {\"fields\": [\"Pic\"]}}]"
    }
  },
  {
    "model": "admin.logentry",
    "pk": 223,
    "fields": {
      "action_time": "2024-07-09T12:08:01.517Z",
      "user": 1,
      "content_type": 4,
      "object_id": "21",
      "object_repr": "jack",
      "action_flag": 1,
      "change_message": "[{\"added\": {}}]"
    }
  },
  {
    "model": "admin.logentry",
    "pk": 224,
    "fields": {
      "action_time": "2024-07-09T12:08:05.605Z",
      "user": 1,
      "content_type": 4,
      "object_id": "21",
      "object_repr": "jack",
      "action_flag": 2,
      "change_message": "[]"
    }
  },
  {
    "model": "admin.logentry",
    "pk": 225,
    "fields": {
      "action_time": "2024-07-09T12:08:24.224Z",
      "user": 1,
      "content_type": 8,
      "object_id": "21",
      "object_repr": "jack",
      "action_flag": 2,
      "change_message": "[{\"changed\": {\"fields\": [\"Pic\"]}}]"
    }
  },
  {
    "model": "admin.logentry",
    "pk": 226,
    "fields": {
      "action_time": "2024-07-09T12:10:29.869Z",
      "user": 1,
      "content_type": 8,
      "object_id": "3",
      "object_repr": "admin",
      "action_flag": 2,
      "change_message": "[{\"changed\": {\"fields\": [\"Friends\"]}}]"
    }
  },
  {
    "model": "admin.logentry",
    "pk": 227,
    "fields": {
      "action_time": "2024-07-09T12:10:36.277Z",
      "user": 1,
      "content_type": 8,
      "object_id": "3",
      "object_repr": "admin",
      "action_flag": 2,
      "change_message": "[]"
    }
  },
  {
    "model": "admin.logentry",
    "pk": 228,
    "fields": {
      "action_time": "2024-07-09T12:10:40.972Z",
      "user": 1,
      "content_type": 8,
      "object_id": "21",
      "object_repr": "jack",
      "action_flag": 2,
      "change_message": "[{\"changed\": {\"fields\": [\"Friends\"]}}]"
    }
  },
  {
    "model": "admin.logentry",
    "pk": 229,
    "fields": {
      "action_time": "2024-07-09T12:17:50.268Z",
      "user": 1,
      "content_type": 8,
      "object_id": "21",
      "object_repr": "jack",
      "action_flag": 2,
      "change_message": "[{\"changed\": {\"fields\": [\"Friends\"]}}]"
    }
  },
  {
    "model": "admin.logentry",
    "pk": 230,
    "fields": {
      "action_time": "2024-07-09T12:17:55.843Z",
      "user": 1,
      "content_type": 8,
      "object_id": "3",
      "object_repr": "admin",
      "action_flag": 2,
      "change_message": "[{\"changed\": {\"fields\": [\"Friends\"]}}]"
    }
  },
  {
    "model": "admin.logentry",
    "pk": 231,
    "fields": {
      "action_time": "2024-07-09T12:25:07.481Z",
      "user": 1,
      "content_type": 8,
      "object_id": "18",
      "object_repr": "nadeem",
      "action_flag": 2,
      "change_message": "[{\"changed\": {\"fields\": [\"Friends\"]}}]"
    }
  },
  {
    "model": "admin.logentry",
    "pk": 232,
    "fields": {
      "action_time": "2024-07-09T12:25:11.620Z",
      "user": 1,
      "content_type": 8,
      "object_id": "3",
      "object_repr": "admin",
      "action_flag": 2,
      "change_message": "[{\"changed\": {\"fields\": [\"Friends\"]}}]"
    }
  },
  {
    "model": "admin.logentry",
    "pk": 233,
    "fields": {
      "action_time": "2024-07-09T12:32:32.940Z",
      "user": 1,
      "content_type": 8,
      "object_id": "21",
      "object_repr": "jack",
      "action_flag": 2,
      "change_message": "[{\"changed\": {\"fields\": [\"Friends\"]}}]"
    }
  },
  {
    "model": "admin.logentry",
    "pk": 234,
    "fields": {
      "action_time": "2024-07-09T12:32:52.392Z",
      "user": 1,
      "content_type": 8,
      "object_id": "18",
      "object_repr": "nadeem",
      "action_flag": 2,
      "change_message": "[{\"changed\": {\"fields\": [\"Friends\"]}}]"
    }
  },
  {
    "model": "admin.logentry",
    "pk": 235,
    "fields": {
      "action_time": "2024-07-09T12:32:56.469Z",
      "user": 1,
      "content_type": 8,
      "object_id": "3",
      "object_repr": "admin",
      "action_flag": 2,
      "change_message": "[{\"changed\": {\"fields\": [\"Friends\"]}}]"
    }
  },
  {
    "model": "admin.logentry",
    "pk": 236,
    "fields": {
      "action_time": "2024-07-09T12:32:58.697Z",
      "user": 1,
      "content_type": 8,
      "object_id": "21",
      "object_repr": "jack",
      "action_flag": 2,
      "change_message": "[]"
    }
  },
  {
    "model": "admin.logentry",
    "pk": 237,
    "fields": {
      "action_time": "2024-07-09T15:20:17.083Z",
      "user": 1,
      "content_type": 8,
      "object_id": "3",
      "object_repr": "admin",
      "action_flag": 2,
      "change_message": "[{\"changed\": {\"fields\": [\"Friends\"]}}]"
    }
  },
  {
    "model": "admin.logentry",
    "pk": 238,
    "fields": {
      "action_time": "2024-07-09T15:20:20.044Z",
      "user": 1,
      "content_type": 8,
      "object_id": "20",
      "object_repr": "mary",
      "action_flag": 2,
      "change_message": "[{\"changed\": {\"fields\": [\"Friends\"]}}]"
    }
  },
  {
    "model": "admin.logentry",
    "pk": 239,
    "fields": {
      "action_time": "2024-07-09T15:44:04.680Z",
      "user": 1,
      "content_type": 10,
      "object_id": "8",
      "object_repr": "admin sent nadeem a friend request",
      "action_flag": 3,
      "change_message": ""
    }
  },
  {
    "model": "admin.logentry",
    "pk": 240,
    "fields": {
      "action_time": "2024-07-09T15:47:18.832Z",
      "user": 1,
      "content_type": 10,
      "object_id": "10",
      "object_repr": "admin sent parvez a friend request",
      "action_flag": 3,
      "change_message": ""
    }
  },
  {
    "model": "admin.logentry",
    "pk": 241,
    "fields": {
      "action_time": "2024-07-09T15:47:18.839Z",
      "user": 1,
      "content_type": 10,
      "object_id": "9",
      "object_repr": "admin sent nadeem a friend request",
      "action_flag": 3,
      "change_message": ""
    }
  },
  {
    "model": "admin.logentry",
    "pk": 242,
    "fields": {
      "action_time": "2024-07-10T06:40:57.598Z",
      "user": 1,
      "content_type": 8,
      "object_id": "18",
      "object_repr": "nadeem",
      "action_flag": 2,
      "change_message": "[{\"changed\": {\"fields\": [\"Friends\"]}}]"
    }
  },
  {
    "model": "admin.logentry",
    "pk": 243,
    "fields": {
      "action_time": "2024-07-10T06:41:01.395Z",
      "user": 1,
      "content_type": 8,
      "object_id": "3",
      "object_repr": "admin",
      "action_flag": 2,
      "change_message": "[{\"changed\": {\"fields\": [\"Friends\"]}}]"
    }
  },
  {
    "model": "admin.logentry",
    "pk": 244,
    "fields": {
      "action_time": "2024-07-10T06:41:41.712Z",
      "user": 1,
      "content_type": 8,
      "object_id": "3",
      "object_repr": "admin",
      "action_flag": 2,
      "change_message": "[{\"changed\": {\"fields\": [\"Friends\"]}}]"
    }
  },
  {
    "model": "admin.logentry",
    "pk": 245,
    "fields": {
      "action_time": "2024-07-10T06:41:44.465Z",
      "user": 1,
      "content_type": 8,
      "object_id": "21",
      "object_repr": "jack",
      "action_flag": 2,
      "change_message": "[{\"changed\": {\"fields\": [\"Friends\"]}}]"
    }
  },
  {
    "model": "admin.logentry",
    "pk": 246,
    "fields": {
      "action_time": "2024-07-10T06:41:47.529Z",
      "user": 1,
      "content_type": 8,
      "object_id": "20",
      "object_repr": "mary",
      "action_flag": 2,
      "change_message": "[{\"changed\": {\"fields\": [\"Friends\"]}}]"
    }
  },
  {
    "model": "admin.logentry",
    "pk": 247,
    "fields": {
      "action_time": "2024-07-10T06:41:50.088Z",
      "user": 1,
      "content_type": 8,
      "object_id": "19",
      "object_repr": "parvez",
      "action_flag": 2,
      "change_message": "[]"
    }
  },
  {
    "model": "admin.logentry",
    "pk": 248,
    "fields": {
      "action_time": "2024-07-10T06:41:52.168Z",
      "user": 1,
      "content_type": 8,
      "object_id": "3",
      "object_repr": "admin",
      "action_flag": 2,
      "change_message": "[]"
    }
  },
  {
    "model": "admin.logentry",
    "pk": 249,
    "fields": {
      "action_time": "2024-07-10T06:42:16.612Z",
      "user": 1,
      "content_type": 10,
      "object_id": "11",
      "object_repr": "admin sent nadeem a friend request",
      "action_flag": 3,
      "change_message": ""
    }
  },
  {
    "model": "admin.logentry",
    "pk": 250,
    "fields": {
      "action_time": "2024-07-10T15:49:15.028Z",
      "user": 1,
      "content_type": 10,
      "object_id": "13",
      "object_repr": "admin sent jack a friend request",
      "action_flag": 1,
      "change_message": "[{\"added\": {}}]"
    }
  },
  {
    "model": "admin.logentry",
    "pk": 251,
    "fields": {
      "action_time": "2024-07-11T07:21:12.911Z",
      "user": 1,
      "content_type": 10,
      "object_id": "12",
      "object_repr": "admin sent nadeem a friend request",
      "action_flag": 3,
      "change_message": ""
    }
  },
  {
    "model": "admin.logentry",
    "pk": 252,
    "fields": {
      "action_time": "2024-07-11T07:36:59.650Z",
      "user": 1,
      "content_type": 10,
      "object_id": "14",
      "object_repr": "jack sent admin a friend request",
      "action_flag": 3,
      "change_message": ""
    }
  },
  {
    "model": "admin.logentry",
    "pk": 253,
    "fields": {
      "action_time": "2024-07-11T07:36:59.657Z",
      "user": 1,
      "content_type": 10,
      "object_id": "13",
      "object_repr": "admin sent jack a friend request",
      "action_flag": 3,
      "change_message": ""
    }
  },
  {
    "model": "admin.logentry",
    "pk": 254,
    "fields": {
      "action_time": "2024-07-12T16:17:15.442Z",
      "user": 1,
      "content_type": 8,
      "object_id": "18",
      "object_repr": "nadeem",
      "action_flag": 2,
      "change_message": "[{\"changed\": {\"fields\": [\"Friends\"]}}]"
    }
  },
  {
    "model": "admin.logentry",
    "pk": 255,
    "fields": {
      "action_time": "2024-07-12T16:31:58.977Z",
      "user": 1,
      "content_type": 10,
      "object_id": "18",
      "object_repr": "nadeem sent admin a friend request",
      "action_flag": 3,
      "change_message": ""
    }
  },
  {
    "model": "admin.logentry",
    "pk": 256,
    "fields": {
      "action_time": "2024-07-12T16:31:58.984Z",
      "user": 1,
      "content_type": 10,
      "object_id": "17",
      "object_repr": "parvez sent admin a friend request",
      "action_flag": 3,
      "change_message": ""
    }
  },
  {
    "model": "admin.logentry",
    "pk": 257,
    "fields": {
      "action_time": "2024-07-12T16:31:58.994Z",
      "user": 1,
      "content_type": 10,
      "object_id": "16",
      "object_repr": "admin sent mary a friend request",
      "action_flag": 3,
      "change_message": ""
    }
  },
  {
    "model": "admin.logentry",
    "pk": 258,
    "fields": {
      "action_time": "2024-07-12T16:31:59.004Z",
      "user": 1,
      "content_type": 10,
      "object_id": "15",
      "object_repr": "mary sent admin a friend request",
      "action_flag": 3,
      "change_message": ""
    }
  },
  {
    "model": "admin.logentry",
    "pk": 259,
    "fields": {
      "action_time": "2024-07-12T16:32:07.489Z",
      "user": 1,
      "content_type": 8,
      "object_id": "3",
      "object_repr": "admin",
      "action_flag": 2,
      "change_message": "[{\"changed\": {\"fields\": [\"Friends\"]}}]"
    }
  },
  {
    "model": "admin.logentry",
    "pk": 260,
    "fields": {
      "action_time": "2024-07-12T16:32:10.088Z",
      "user": 1,
      "content_type": 8,
      "object_id": "18",
      "object_repr": "nadeem",
      "action_flag": 2,
      "change_message": "[]"
    }
  },
  {
    "model": "admin.logentry",
    "pk": 261,
    "fields": {
      "action_time": "2024-07-12T16:32:14.191Z",
      "user": 1,
      "content_type": 8,
      "object_id": "19",
      "object_repr": "parvez",
      "action_flag": 2,
      "change_message": "[{\"changed\": {\"fields\": [\"Friends\"]}}]"
    }
  },
  {
    "model": "admin.logentry",
    "pk": 262,
    "fields": {
      "action_time": "2024-07-12T16:32:16.890Z",
      "user": 1,
      "content_type": 8,
      "object_id": "20",
      "object_repr": "mary",
      "action_flag": 2,
      "change_message": "[{\"changed\": {\"fields\": [\"Friends\"]}}]"
    }
  },
  {
    "model": "admin.logentry",
    "pk": 263,
    "fields": {
      "action_time": "2024-07-12T16:32:19.712Z",
      "user": 1,
      "content_type": 8,
      "object_id": "21",
      "object_repr": "jack",
      "action_flag": 2,
      "change_message": "[]"
    }
  },
  {
    "model": "admin.logentry",
    "pk": 264,
    "fields": {
      "action_time": "2024-07-12T16:36:24.607Z",
      "user": 1,
      "content_type": 10,
      "object_id": "20",
      "object_repr": "parvez sent admin a friend request",
      "action_flag": 3,
      "change_message": ""
    }
  },
  {
    "model": "admin.logentry",
    "pk": 265,
    "fields": {
      "action_time": "2024-07-12T16:36:24.617Z",
      "user": 1,
      "content_type": 10,
      "object_id": "19",
      "object_repr": "nadeem sent admin a friend request",
      "action_flag": 3,
      "change_message": ""
    }
  },
  {
    "model": "admin.logentry",
    "pk": 266,
    "fields": {
      "action_time": "2024-07-13T08:14:04.282Z",
      "user": 1,
      "content_type": 10,
      "object_id": "22",
      "object_repr": "mary sent admin a friend request",
      "action_flag": 3,
      "change_message": ""
    }
  },
  {
    "model": "admin.logentry",
    "pk": 267,
    "fields": {
      "action_time": "2024-07-13T08:14:04.289Z",
      "user": 1,
      "content_type": 10,
      "object_id": "21",
      "object_repr": "parvez sent admin a friend request",
      "action_flag": 3,
      "change_message": ""
    }
  },
  {
    "model": "admin.logentry",
    "pk": 268,
    "fields": {
      "action_time": "2024-07-15T08:23:56.034Z",
      "user": 1,
      "content_type": 8,
      "object_id": "22",
      "object_repr": "nk",
      "action_flag": 3,
      "change_message": ""
    }
  },
  {
    "model": "admin.logentry",
    "pk": 269,
    "fields": {
      "action_time": "2024-07-15T08:24:19.147Z",
      "user": 1,
      "content_type": 4,
      "object_id": "22",
      "object_repr": "nk",
      "action_flag": 3,
      "change_message": ""
    }
  },
  {
    "model": "admin.logentry",
    "pk": 270,
    "fields": {
      "action_time": "2024-07-15T15:17:00.270Z",
      "user": 1,
      "content_type": 10,
      "object_id": "26",
      "object_repr": "aatha sent admin a friend request",
      "action_flag": 3,
      "change_message": ""
    }
  },
  {
    "model": "admin.logentry",
    "pk": 271,
    "fields": {
      "action_time": "2024-07-15T15:17:30.669Z",
      "user": 1,
      "content_type": 8,
      "object_id": "23",
      "object_repr": "aatha",
      "action_flag": 2,
      "change_message": "[{\"changed\": {\"fields\": [\"Friends\"]}}]"
    }
  },
  {
    "model": "admin.logentry",
    "pk": 272,
    "fields": {
      "action_time": "2024-07-15T15:17:36.207Z",
      "user": 1,
      "content_type": 8,
      "object_id": "3",
      "object_repr": "admin",
      "action_flag": 2,
      "change_message": "[{\"changed\": {\"fields\": [\"Friends\"]}}]"
    }
  },
  {
    "model": "admin.logentry",
    "pk": 273,
    "fields": {
      "action_time": "2024-07-15T15:47:06.886Z",
      "user": 1,
      "content_type": 8,
      "object_id": "23",
      "object_repr": "aatha",
      "action_flag": 3,
      "change_message": ""
    }
  },
  {
    "model": "admin.logentry",
    "pk": 274,
    "fields": {
      "action_time": "2024-07-15T15:47:35.514Z",
      "user": 1,
      "content_type": 4,
      "object_id": "23",
      "object_repr": "aatha",
      "action_flag": 3,
      "change_message": ""
    }
  },
  {
    "model": "admin.logentry",
    "pk": 275,
    "fields": {
      "action_time": "2024-07-15T15:50:52.511Z",
      "user": 1,
      "content_type": 8,
      "object_id": "24",
      "object_repr": "aatha",
      "action_flag": 3,
      "change_message": ""
    }
  },
  {
    "model": "admin.logentry",
    "pk": 276,
    "fields": {
      "action_time": "2024-07-15T15:50:59.993Z",
      "user": 1,
      "content_type": 4,
      "object_id": "24",
      "object_repr": "aatha",
      "action_flag": 3,
      "change_message": ""
    }
  },
  {
    "model": "admin.logentry",
    "pk": 277,
    "fields": {
      "action_time": "2024-07-24T06:39:48.580Z",
      "user": 1,
      "content_type": 10,
      "object_id": "27",
      "object_repr": "aatha sent admin a friend request",
      "action_flag": 3,
      "change_message": ""
    }
  },
  {
    "model": "admin.logentry",
    "pk": 278,
    "fields": {
      "action_time": "2024-07-24T06:49:38.179Z",
      "user": 1,
      "content_type": 10,
      "object_id": "31",
      "object_repr": "admin sent jack a friend request",
      "action_flag": 3,
      "change_message": ""
    }
  },
  {
    "model": "admin.logentry",
    "pk": 279,
    "fields": {
      "action_time": "2024-07-24T06:49:38.187Z",
      "user": 1,
      "content_type": 10,
      "object_id": "30",
      "object_repr": "admin sent jack a friend request",
      "action_flag": 3,
      "change_message": ""
    }
  },
  {
    "model": "admin.logentry",
    "pk": 280,
    "fields": {
      "action_time": "2024-07-24T06:49:38.193Z",
      "user": 1,
      "content_type": 10,
      "object_id": "29",
      "object_repr": "nadeem sent parvez a friend request",
      "action_flag": 3,
      "change_message": ""
    }
  },
  {
    "model": "admin.logentry",
    "pk": 281,
    "fields": {
      "action_time": "2024-07-24T06:50:32.422Z",
      "user": 1,
      "content_type": 10,
      "object_id": "32",
      "object_repr": "admin sent jack a friend request",
      "action_flag": 3,
      "change_message": ""
    }
  },
  {
    "model": "admin.logentry",
    "pk": 282,
    "fields": {
      "action_time": "2024-07-26T15:12:03.745Z",
      "user": 1,
      "content_type": 10,
      "object_id": "35",
      "object_repr": "admin sent jack a friend request",
      "action_flag": 3,
      "change_message": ""
    }
  },
  {
    "model": "admin.logentry",
    "pk": 283,
    "fields": {
      "action_time": "2024-07-26T15:12:03.754Z",
      "user": 1,
      "content_type": 10,
      "object_id": "34",
      "object_repr": "admin sent nadeem a friend request",
      "action_flag": 3,
      "change_message": ""
    }
  },
  {
    "model": "admin.logentry",
    "pk": 284,
    "fields": {
      "action_time": "2024-07-26T16:01:02.911Z",
      "user": 1,
      "content_type": 8,
      "object_id": "3",
      "object_repr": "admin",
      "action_flag": 2,
      "change_message": "[{\"changed\": {\"fields\": [\"Friends\"]}}]"
    }
  },
  {
    "model": "admin.logentry",
    "pk": 285,
    "fields": {
      "action_time": "2024-07-27T07:16:18.362Z",
      "user": 1,
      "content_type": 8,
      "object_id": "3",
      "object_repr": "admin",
      "action_flag": 2,
      "change_message": "[{\"changed\": {\"fields\": [\"Friends\"]}}]"
    }
  },
  {
    "model": "admin.logentry",
    "pk": 286,
    "fields": {
      "action_time": "2024-07-27T07:17:48.936Z",
      "user": 1,
      "content_type": 8,
      "object_id": "3",
      "object_repr": "admin",
      "action_flag": 2,
      "change_message": "[{\"changed\": {\"fields\": [\"Friends\"]}}]"
    }
  },
  {
    "model": "admin.logentry",
    "pk": 287,
    "fields": {
      "action_time": "2024-07-27T07:18:35.532Z",
      "user": 1,
      "content_type": 8,
      "object_id": "3",
      "object_repr": "admin",
      "action_flag": 2,
      "change_message": "[]"
    }
  },
  {
    "model": "admin.logentry",
    "pk": 288,
    "fields": {
      "action_time": "2024-07-27T07:18:41.546Z",
      "user": 1,
      "content_type": 8,
      "object_id": "18",
      "object_repr": "nadeem",
      "action_flag": 2,
      "change_message": "[{\"changed\": {\"fields\": [\"Friends\"]}}]"
    }
  },
  {
    "model": "admin.logentry",
    "pk": 289,
    "fields": {
      "action_time": "2024-07-27T07:20:33.152Z",
      "user": 1,
      "content_type": 8,
      "object_id": "18",
      "object_repr": "nadeem",
      "action_flag": 2,
      "change_message": "[{\"changed\": {\"fields\": [\"Friends\"]}}]"
    }
  },
  {
    "model": "admin.logentry",
    "pk": 290,
    "fields": {
      "action_time": "2024-07-27T07:22:18.109Z",
      "user": 1,
      "content_type": 8,
      "object_id": "18",
      "object_repr": "nadeem",
      "action_flag": 2,
      "change_message": "[{\"changed\": {\"fields\": [\"Friends\"]}}]"
    }
  },
  {
    "model": "admin.logentry",
    "pk": 291,
    "fields": {
      "action_time": "2024-07-27T07:22:35.011Z",
      "user": 1,
      "content_type": 8,
      "object_id": "18",
      "object_repr": "nadeem",
      "action_flag": 2,
      "change_message": "[{\"changed\": {\"fields\": [\"Friends\"]}}]"
    }
  },
  {
    "model": "admin.logentry",
    "pk": 292,
    "fields": {
      "action_time": "2024-07-27T07:22:39.818Z",
      "user": 1,
      "content_type": 8,
      "object_id": "3",
      "object_repr": "admin",
      "action_flag": 2,
      "change_message": "[{\"changed\": {\"fields\": [\"Friends\"]}}]"
    }
  },
  {
    "model": "admin.logentry",
    "pk": 293,
    "fields": {
      "action_time": "2024-07-27T07:31:56.622Z",
      "user": 1,
      "content_type": 8,
      "object_id": "18",
      "object_repr": "nadeem",
      "action_flag": 2,
      "change_message": "[]"
    }
  },
  {
    "model": "admin.logentry",
    "pk": 294,
    "fields": {
      "action_time": "2024-07-27T07:32:02.364Z",
      "user": 1,
      "content_type": 8,
      "object_id": "3",
      "object_repr": "admin",
      "action_flag": 2,
      "change_message": "[{\"changed\": {\"fields\": [\"Friends\"]}}]"
    }
  },
  {
    "model": "admin.logentry",
    "pk": 295,
    "fields": {
      "action_time": "2024-07-27T07:35:54.678Z",
      "user": 1,
      "content_type": 8,
      "object_id": "18",
      "object_repr": "nadeem",
      "action_flag": 2,
      "change_message": "[{\"changed\": {\"fields\": [\"Friends\"]}}]"
    }
  },
  {
    "model": "admin.logentry",
    "pk": 296,
    "fields": {
      "action_time": "2024-07-27T07:36:16.436Z",
      "user": 1,
      "content_type": 8,
      "object_id": "18",
      "object_repr": "nadeem",
      "action_flag": 2,
      "change_message": "[]"
    }
  },
  {
    "model": "admin.logentry",
    "pk": 297,
    "fields": {
      "action_time": "2024-07-27T07:38:52.469Z",
      "user": 1,
      "content_type": 8,
      "object_id": "18",
      "object_repr": "nadeem",
      "action_flag": 2,
      "change_message": "[{\"changed\": {\"fields\": [\"Friends\"]}}]"
    }
  },
  {
    "model": "admin.logentry",
    "pk": 298,
    "fields": {
      "action_time": "2024-07-27T07:38:56.436Z",
      "user": 1,
      "content_type": 8,
      "object_id": "3",
      "object_repr": "admin",
      "action_flag": 2,
      "change_message": "[{\"changed\": {\"fields\": [\"Friends\"]}}]"
    }
  },
  {
    "model": "admin.logentry",
    "pk": 299,
    "fields": {
      "action_time": "2024-07-27T07:43:57.685Z",
      "user": 1,
      "content_type": 8,
      "object_id": "18",
      "object_repr": "nadeem",
      "action_flag": 2,
      "change_message": "[]"
    }
  },
  {
    "model": "admin.logentry",
    "pk": 300,
    "fields": {
      "action_time": "2024-07-27T07:44:12.738Z",
      "user": 1,
      "content_type": 8,
      "object_id": "3",
      "object_repr": "admin",
      "action_flag": 2,
      "change_message": "[{\"changed\": {\"fields\": [\"Friends\"]}}]"
    }
  },
  {
    "model": "admin.logentry",
    "pk": 301,
    "fields": {
      "action_time": "2024-07-27T07:45:46.995Z",
      "user": 1,
      "content_type": 8,
      "object_id": "18",
      "object_repr": "nadeem",
      "action_flag": 2,
      "change_message": "[{\"changed\": {\"fields\": [\"Friends\"]}}]"
    }
  },
  {
    "model": "admin.logentry",
    "pk": 302,
    "fields": {
      "action_time": "2024-07-27T07:45:50.187Z",
      "user": 1,
      "content_type": 8,
      "object_id": "3",
      "object_repr": "admin",
      "action_flag": 2,
      "change_message": "[{\"changed\": {\"fields\": [\"Friends\"]}}]"
    }
  },
  {
    "model": "admin.logentry",
    "pk": 303,
    "fields": {
      "action_time": "2024-07-27T07:53:02.325Z",
      "user": 1,
      "content_type": 8,
      "object_id": "3",
      "object_repr": "admin",
      "action_flag": 2,
      "change_message": "[{\"changed\": {\"fields\": [\"Friends\"]}}]"
    }
  },
  {
    "model": "admin.logentry",
    "pk": 304,
    "fields": {
      "action_time": "2024-07-27T07:53:04.556Z",
      "user": 1,
      "content_type": 8,
      "object_id": "18",
      "object_repr": "nadeem",
      "action_flag": 2,
      "change_message": "[]"
    }
  },
  {
    "model": "admin.logentry",
    "pk": 305,
    "fields": {
      "action_time": "2024-07-27T07:54:44.948Z",
      "user": 1,
      "content_type": 8,
      "object_id": "18",
      "object_repr": "nadeem",
      "action_flag": 2,
      "change_message": "[{\"changed\": {\"fields\": [\"Friends\"]}}]"
    }
  },
  {
    "model": "admin.logentry",
    "pk": 306,
    "fields": {
      "action_time": "2024-07-27T07:54:50.619Z",
      "user": 1,
      "content_type": 8,
      "object_id": "3",
      "object_repr": "admin",
      "action_flag": 2,
      "change_message": "[{\"changed\": {\"fields\": [\"Friends\"]}}]"
    }
  },
  {
    "model": "admin.logentry",
    "pk": 307,
    "fields": {
      "action_time": "2024-07-27T07:54:53.340Z",
      "user": 1,
      "content_type": 8,
      "object_id": "3",
      "object_repr": "admin",
      "action_flag": 2,
      "change_message": "[]"
    }
  },
  {
    "model": "admin.logentry",
    "pk": 308,
    "fields": {
      "action_time": "2024-07-27T07:54:55.356Z",
      "user": 1,
      "content_type": 8,
      "object_id": "18",
      "object_repr": "nadeem",
      "action_flag": 2,
      "change_message": "[]"
    }
  },
  {
    "model": "admin.logentry",
    "pk": 309,
    "fields": {
      "action_time": "2024-07-27T07:56:57.405Z",
      "user": 1,
      "content_type": 8,
      "object_id": "18",
      "object_repr": "nadeem",
      "action_flag": 2,
      "change_message": "[{\"changed\": {\"fields\": [\"Friends\"]}}]"
    }
  },
  {
    "model": "admin.logentry",
    "pk": 310,
    "fields": {
      "action_time": "2024-07-27T07:57:00.538Z",
      "user": 1,
      "content_type": 8,
      "object_id": "3",
      "object_repr": "admin",
      "action_flag": 2,
      "change_message": "[{\"changed\": {\"fields\": [\"Friends\"]}}]"
    }
  },
  {
    "model": "admin.logentry",
    "pk": 311,
    "fields": {
      "action_time": "2024-07-27T07:59:26.821Z",
      "user": 1,
      "content_type": 8,
      "object_id": "18",
      "object_repr": "nadeem",
      "action_flag": 2,
      "change_message": "[{\"changed\": {\"fields\": [\"Friends\"]}}]"
    }
  },
  {
    "model": "admin.logentry",
    "pk": 312,
    "fields": {
      "action_time": "2024-07-27T07:59:30.452Z",
      "user": 1,
      "content_type": 8,
      "object_id": "3",
      "object_repr": "admin",
      "action_flag": 2,
      "change_message": "[{\"changed\": {\"fields\": [\"Friends\"]}}]"
    }
  },
  {
    "model": "admin.logentry",
    "pk": 313,
    "fields": {
      "action_time": "2024-07-27T08:07:20.706Z",
      "user": 1,
      "content_type": 8,
      "object_id": "20",
      "object_repr": "mary",
      "action_flag": 2,
      "change_message": "[{\"changed\": {\"fields\": [\"Friends\"]}}]"
    }
  },
  {
    "model": "admin.logentry",
    "pk": 314,
    "fields": {
      "action_time": "2024-07-27T08:07:23.659Z",
      "user": 1,
      "content_type": 8,
      "object_id": "3",
      "object_repr": "admin",
      "action_flag": 2,
      "change_message": "[{\"changed\": {\"fields\": [\"Friends\"]}}]"
    }
  },
  {
    "model": "admin.logentry",
    "pk": 315,
    "fields": {
      "action_time": "2024-07-27T08:13:04.512Z",
      "user": 1,
      "content_type": 8,
      "object_id": "20",
      "object_repr": "mary",
      "action_flag": 2,
      "change_message": "[{\"changed\": {\"fields\": [\"Friends\"]}}]"
    }
  },
  {
    "model": "admin.logentry",
    "pk": 316,
    "fields": {
      "action_time": "2024-07-27T08:13:07.355Z",
      "user": 1,
      "content_type": 8,
      "object_id": "3",
      "object_repr": "admin",
      "action_flag": 2,
      "change_message": "[{\"changed\": {\"fields\": [\"Friends\"]}}]"
    }
  },
  {
    "model": "admin.logentry",
    "pk": 317,
    "fields": {
      "action_time": "2024-07-27T08:14:51.595Z",
      "user": 1,
      "content_type": 8,
      "object_id": "20",
      "object_repr": "mary",
      "action_flag": 2,
      "change_message": "[{\"changed\": {\"fields\": [\"Friends\"]}}]"
    }
  },
  {
    "model": "admin.logentry",
    "pk": 318,
    "fields": {
      "action_time": "2024-07-27T08:14:55.060Z",
      "user": 1,
      "content_type": 8,
      "object_id": "3",
      "object_repr": "admin",
      "action_flag": 2,
      "change_message": "[{\"changed\": {\"fields\": [\"Friends\"]}}]"
    }
  },
  {
    "model": "admin.logentry",
    "pk": 319,
    "fields": {
      "action_time": "2024-07-27T08:16:30.156Z",
      "user": 1,
      "content_type": 8,
      "object_id": "20",
      "object_repr": "mary",
      "action_flag": 2,
      "change_message": "[{\"changed\": {\"fields\": [\"Friends\"]}}]"
    }
  },
  {
    "model": "admin.logentry",
    "pk": 320,
    "fields": {
      "action_time": "2024-07-27T08:16:32.668Z",
      "user": 1,
      "content_type": 8,
      "object_id": "3",
      "object_repr": "admin",
      "action_flag": 2,
      "change_message": "[{\"changed\": {\"fields\": [\"Friends\"]}}]"
    }
  },
  {
    "model": "admin.logentry",
    "pk": 321,
    "fields": {
      "action_time": "2024-07-27T08:18:13.321Z",
      "user": 1,
      "content_type": 8,
      "object_id": "20",
      "object_repr": "mary",
      "action_flag": 2,
      "change_message": "[{\"changed\": {\"fields\": [\"Friends\"]}}]"
    }
  },
  {
    "model": "admin.logentry",
    "pk": 322,
    "fields": {
      "action_time": "2024-07-27T08:18:16.363Z",
      "user": 1,
      "content_type": 8,
      "object_id": "3",
      "object_repr": "admin",
      "action_flag": 2,
      "change_message": "[{\"changed\": {\"fields\": [\"Friends\"]}}]"
    }
  },
  {
    "model": "auth.permission",
    "pk": 1,
    "fields": {
      "name": "Can add log entry",
      "content_type": 1,
      "codename": "add_logentry"
    }
  },
  {
    "model": "auth.permission",
    "pk": 2,
    "fields": {
      "name": "Can change log entry",
      "content_type": 1,
      "codename": "change_logentry"
    }
  },
  {
    "model": "auth.permission",
    "pk": 3,
    "fields": {
      "name": "Can delete log entry",
      "content_type": 1,
      "codename": "delete_logentry"
    }
  },
  {
    "model": "auth.permission",
    "pk": 4,
    "fields": {
      "name": "Can view log entry",
      "content_type": 1,
      "codename": "view_logentry"
    }
  },
  {
    "model": "auth.permission",
    "pk": 5,
    "fields": {
      "name": "Can add permission",
      "content_type": 2,
      "codename": "add_permission"
    }
  },
  {
    "model": "auth.permission",
    "pk": 6,
    "fields": {
      "name": "Can change permission",
      "content_type": 2,
      "codename": "change_permission"
    }
  },
  {
    "model": "auth.permission",
    "pk": 7,
    "fields": {
      "name": "Can delete permission",
      "content_type": 2,
      "codename": "delete_permission"
    }
  },
  {
    "model": "auth.permission",
    "pk": 8,
    "fields": {
      "name": "Can view permission",
      "content_type": 2,
      "codename": "view_permission"
    }
  },
  {
    "model": "auth.permission",
    "pk": 9,
    "fields": {
      "name": "Can add group",
      "content_type": 3,
      "codename": "add_group"
    }
  },
  {
    "model": "auth.permission",
    "pk": 10,
    "fields": {
      "name": "Can change group",
      "content_type": 3,
      "codename": "change_group"
    }
  },
  {
    "model": "auth.permission",
    "pk": 11,
    "fields": {
      "name": "Can delete group",
      "content_type": 3,
      "codename": "delete_group"
    }
  },
  {
    "model": "auth.permission",
    "pk": 12,
    "fields": {
      "name": "Can view group",
      "content_type": 3,
      "codename": "view_group"
    }
  },
  {
    "model": "auth.permission",
    "pk": 13,
    "fields": {
      "name": "Can add user",
      "content_type": 4,
      "codename": "add_user"
    }
  },
  {
    "model": "auth.permission",
    "pk": 14,
    "fields": {
      "name": "Can change user",
      "content_type": 4,
      "codename": "change_user"
    }
  },
  {
    "model": "auth.permission",
    "pk": 15,
    "fields": {
      "name": "Can delete user",
      "content_type": 4,
      "codename": "delete_user"
    }
  },
  {
    "model": "auth.permission",
    "pk": 16,
    "fields": {
      "name": "Can view user",
      "content_type": 4,
      "codename": "view_user"
    }
  },
  {
    "model": "auth.permission",
    "pk": 17,
    "fields": {
      "name": "Can add content type",
      "content_type": 5,
      "codename": "add_contenttype"
    }
  },
  {
    "model": "auth.permission",
    "pk": 18,
    "fields": {
      "name": "Can change content type",
      "content_type": 5,
      "codename": "change_contenttype"
    }
  },
  {
    "model": "auth.permission",
    "pk": 19,
    "fields": {
      "name": "Can delete content type",
      "content_type": 5,
      "codename": "delete_contenttype"
    }
  },
  {
    "model": "auth.permission",
    "pk": 20,
    "fields": {
      "name": "Can view content type",
      "content_type": 5,
      "codename": "view_contenttype"
    }
  },
  {
    "model": "auth.permission",
    "pk": 21,
    "fields": {
      "name": "Can add session",
      "content_type": 6,
      "codename": "add_session"
    }
  },
  {
    "model": "auth.permission",
    "pk": 22,
    "fields": {
      "name": "Can change session",
      "content_type": 6,
      "codename": "change_session"
    }
  },
  {
    "model": "auth.permission",
    "pk": 23,
    "fields": {
      "name": "Can delete session",
      "content_type": 6,
      "codename": "delete_session"
    }
  },
  {
    "model": "auth.permission",
    "pk": 24,
    "fields": {
      "name": "Can view session",
      "content_type": 6,
      "codename": "view_session"
    }
  },
  {
    "model": "auth.permission",
    "pk": 25,
    "fields": {
      "name": "Can add friend",
      "content_type": 7,
      "codename": "add_friend"
    }
  },
  {
    "model": "auth.permission",
    "pk": 26,
    "fields": {
      "name": "Can change friend",
      "content_type": 7,
      "codename": "change_friend"
    }
  },
  {
    "model": "auth.permission",
    "pk": 27,
    "fields": {
      "name": "Can delete friend",
      "content_type": 7,
      "codename": "delete_friend"
    }
  },
  {
    "model": "auth.permission",
    "pk": 28,
    "fields": {
      "name": "Can view friend",
      "content_type": 7,
      "codename": "view_friend"
    }
  },
  {
    "model": "auth.permission",
    "pk": 29,
    "fields": {
      "name": "Can add profile",
      "content_type": 8,
      "codename": "add_profile"
    }
  },
  {
    "model": "auth.permission",
    "pk": 30,
    "fields": {
      "name": "Can change profile",
      "content_type": 8,
      "codename": "change_profile"
    }
  },
  {
    "model": "auth.permission",
    "pk": 31,
    "fields": {
      "name": "Can delete profile",
      "content_type": 8,
      "codename": "delete_profile"
    }
  },
  {
    "model": "auth.permission",
    "pk": 32,
    "fields": {
      "name": "Can view profile",
      "content_type": 8,
      "codename": "view_profile"
    }
  },
  {
    "model": "auth.permission",
    "pk": 33,
    "fields": {
      "name": "Can add chat message",
      "content_type": 9,
      "codename": "add_chatmessage"
    }
  },
  {
    "model": "auth.permission",
    "pk": 34,
    "fields": {
      "name": "Can change chat message",
      "content_type": 9,
      "codename": "change_chatmessage"
    }
  },
  {
    "model": "auth.permission",
    "pk": 35,
    "fields": {
      "name": "Can delete chat message",
      "content_type": 9,
      "codename": "delete_chatmessage"
    }
  },
  {
    "model": "auth.permission",
    "pk": 36,
    "fields": {
      "name": "Can view chat message",
      "content_type": 9,
      "codename": "view_chatmessage"
    }
  },
  {
    "model": "auth.permission",
    "pk": 37,
    "fields": {
      "name": "Can add friend request",
      "content_type": 10,
      "codename": "add_friendrequest"
    }
  },
  {
    "model": "auth.permission",
    "pk": 38,
    "fields": {
      "name": "Can change friend request",
      "content_type": 10,
      "codename": "change_friendrequest"
    }
  },
  {
    "model": "auth.permission",
    "pk": 39,
    "fields": {
      "name": "Can delete friend request",
      "content_type": 10,
      "codename": "delete_friendrequest"
    }
  },
  {
    "model": "auth.permission",
    "pk": 40,
    "fields": {
      "name": "Can view friend request",
      "content_type": 10,
      "codename": "view_friendrequest"
    }
  },
  {
    "model": "auth.permission",
    "pk": 41,
    "fields": {
      "name": "Can add friend connect",
      "content_type": 11,
      "codename": "add_friendconnect"
    }
  },
  {
    "model": "auth.permission",
    "pk": 42,
    "fields": {
      "name": "Can change friend connect",
      "content_type": 11,
      "codename": "change_friendconnect"
    }
  },
  {
    "model": "auth.permission",
    "pk": 43,
    "fields": {
      "name": "Can delete friend connect",
      "content_type": 11,
      "codename": "delete_friendconnect"
    }
  },
  {
    "model": "auth.permission",
    "pk": 44,
    "fields": {
      "name": "Can view friend connect",
      "content_type": 11,
      "codename": "view_friendconnect"
    }
  },
  {
    "model": "auth.user",
    "pk": 1,
    "fields": {
      "password": "pbkdf2_sha256$600000$mnH0pITuKWSUZVpRg3s53K$UF6SEHy4hQVE5KYVuzuvqL1WVsrnq9JjAJo66WNqc28=",
      "last_login": "2024-08-26T15:55:42.597Z",
      "is_superuser": true,
      "username": "admin",
      "first_name": "",
      "last_name": "",
      "email": "",
      "is_staff": true,
      "is_active": true,
      "date_joined": "2024-06-05T14:24:40.586Z",
      "groups": [],
      "user_permissions": []
    }
  },
  {
    "model": "auth.user",
    "pk": 18,
    "fields": {
      "password": "pbkdf2_sha256$600000$IEGMTLP9hRKV7o2s7csvrx$2how9iTbLF6uY/xaaTWfE481YQMlJ1vicc4uaLXltCI=",
      "last_login": "2024-08-22T14:46:30.956Z",
      "is_superuser": false,
      "username": "nadeem",
      "first_name": "",
      "last_name": "",
      "email": "",
      "is_staff": false,
      "is_active": true,
      "date_joined": "2024-07-09T12:05:11Z",
      "groups": [],
      "user_permissions": []
    }
  },
  {
    "model": "auth.user",
    "pk": 19,
    "fields": {
      "password": "pbkdf2_sha256$600000$ZvAolDn69j574b4qQyFWnW$ursUGfoH/Kb2AEEqbKZDOzVMsMVWbnXEbWEnASYbY9k=",
      "last_login": "2024-08-22T15:17:08.823Z",
      "is_superuser": false,
      "username": "parvez",
      "first_name": "",
      "last_name": "",
      "email": "",
      "is_staff": false,
      "is_active": true,
      "date_joined": "2024-07-09T12:06:24Z",
      "groups": [],
      "user_permissions": []
    }
  },
  {
    "model": "auth.user",
    "pk": 20,
    "fields": {
      "password": "pbkdf2_sha256$600000$hZxp4e37PP8E4QuCqGLv0l$0VE/Bg3AQSzoPCWi0LSZE9Lu2DhAFoJjsQp3mhGyceA=",
      "last_login": "2024-08-22T08:59:51.964Z",
      "is_superuser": false,
      "username": "mary",
      "first_name": "",
      "last_name": "",
      "email": "",
      "is_staff": false,
      "is_active": true,
      "date_joined": "2024-07-09T12:07:07Z",
      "groups": [],
      "user_permissions": []
    }
  },
  {
    "model": "auth.user",
    "pk": 21,
    "fields": {
      "password": "pbkdf2_sha256$600000$MgtgA9PbhShoc9SjqSQcMm$rbFkyTDRpsmF8be6FqHha22uXwFFKvHilmDWMkI6E74=",
      "last_login": "2024-08-16T15:58:06.264Z",
      "is_superuser": false,
      "username": "jack",
      "first_name": "",
      "last_name": "",
      "email": "",
      "is_staff": false,
      "is_active": true,
      "date_joined": "2024-07-09T12:08:01Z",
      "groups": [],
      "user_permissions": []
    }
  },
  {
    "model": "auth.user",
    "pk": 25,
    "fields": {
      "password": "pbkdf2_sha256$600000$sS0BC0MgBPzpya7ktE7eSW$gRBSihA61bXEuAGvGpI1ZQXJONzd9sKHPvDC8zKC+CI=",
      "last_login": "2024-08-14T15:37:45.095Z",
      "is_superuser": false,
      "username": "aatha",
      "first_name": "aatha",
      "last_name": "khan",
      "email": "",
      "is_staff": false,
      "is_active": true,
      "date_joined": "2024-07-15T15:52:28.511Z",
      "groups": [],
      "user_permissions": []
    }
  },
  {
    "model": "auth.user",
    "pk": 26,
    "fields": {
      "password": "pbkdf2_sha256$600000$1IzSmsCr1yaRqxEKzNUNmz$QTQ3CvI0HbEG2GleiH+u/08lpGyVJQXcRxO5HkSmo+c=",
      "last_login": "2024-08-22T09:09:07.974Z",
      "is_superuser": false,
      "username": "nithi",
      "first_name": "nithish",
      "last_name": "kumar",
      "email": "",
      "is_staff": false,
      "is_active": true,
      "date_joined": "2024-08-22T08:36:32.092Z",
      "groups": [],
      "user_permissions": []
    }
  },
  {
    "model": "contenttypes.contenttype",
    "pk": 1,
    "fields": { "app_label": "admin", "model": "logentry" }
  },
  {
    "model": "contenttypes.contenttype",
    "pk": 2,
    "fields": { "app_label": "auth", "model": "permission" }
  },
  {
    "model": "contenttypes.contenttype",
    "pk": 3,
    "fields": { "app_label": "auth", "model": "group" }
  },
  {
    "model": "contenttypes.contenttype",
    "pk": 4,
    "fields": { "app_label": "auth", "model": "user" }
  },
  {
    "model": "contenttypes.contenttype",
    "pk": 5,
    "fields": { "app_label": "contenttypes", "model": "contenttype" }
  },
  {
    "model": "contenttypes.contenttype",
    "pk": 6,
    "fields": { "app_label": "sessions", "model": "session" }
  },
  {
    "model": "contenttypes.contenttype",
    "pk": 7,
    "fields": { "app_label": "mychatapp", "model": "friend" }
  },
  {
    "model": "contenttypes.contenttype",
    "pk": 8,
    "fields": { "app_label": "mychatapp", "model": "profile" }
  },
  {
    "model": "contenttypes.contenttype",
    "pk": 9,
    "fields": { "app_label": "mychatapp", "model": "chatmessage" }
  },
  {
    "model": "contenttypes.contenttype",
    "pk": 10,
    "fields": { "app_label": "mychatapp", "model": "friendrequest" }
  },
  {
    "model": "contenttypes.contenttype",
    "pk": 11,
    "fields": { "app_label": "mychatapp", "model": "friendconnect" }
  },
  {
    "model": "sessions.session",
    "pk": "0ji72ifb129efyut4n6od36c6sob4epi",
    "fields": {
      "session_data": ".eJxVjM0OwiAQhN-FsyFALT8evfcZyLK7SNXQpLQn47srSQ-azGm-b-YlIuxbiXvjNc4kLkJ7cfotE-CDayd0h3pbJC51W-ckuyIP2uS0ED-vh_t3UKCV73pgGyyBVpTPaID06EAFx57UGFIenE9Bs8NMvgcQgQImA6gNZGXF-wMr3zmM:1sWuUm:4JAzBXDxd6L88qI9k-C09yCsIfzq_au-fqfqfshX81Q",
      "expire_date": "2024-08-08T09:10:44.984Z"
    }
  },
  {
    "model": "sessions.session",
    "pk": "1pabvggdobth7k0q90zhrq9mr1hto4d5",
    "fields": {
      "session_data": ".eJxVjDsOwjAQRO_iGln-KGtDSc8ZrF3vggPIluKkirg7iZQCutG8N7OqhMtc0tJlSiOri7Lq9NsR5pfUHfAT66Pp3Oo8jaR3RR-061tjeV8P9--gYC_bWvjskTP5wbKJAbYgMbAggPEhk2U3CJgwkCNCB9mZe2QwMRrnHYP6fAHzHjfD:1sfFLH:3YnLUQFC3GaamKhA6OVen-Ih_mtZ-kXSLAB9bJPEU6A",
      "expire_date": "2024-08-31T09:03:23.050Z"
    }
  },
  {
    "model": "sessions.session",
    "pk": "303tvza1wi0iwv8dk9yqw5hpgf782o9t",
    "fields": {
      "session_data": ".eJxVjDsOwjAQBe_iGlmbeBM7lPScIdqPFwdQIuVTIe4OkVJA-2bmvVxP21r6bclzP6g7uzq40-_IJI887kTvNN4mL9O4zgP7XfEHXfx10vy8HO7fQaGlfOuETNaRAbUGqlVTR0AJZhBVYsYcaq5aqDpmE0BOKQZDjI0Cmoq49wci1Ti6:1sTNPL:kckj6iWGe_mlH4BXUJGhd044Axs9JNW67uk4G74791Q",
      "expire_date": "2024-07-29T15:14:31.220Z"
    }
  },
  {
    "model": "sessions.session",
    "pk": "4xs5k2el6jfs07n9c0x9sm65q8w7jtf1",
    "fields": {
      "session_data": ".eJxVjMEOwiAQRP-FsyHQLtvFo3e_gSxllaqBpLQn47_bJj3oHOe9mbcKvC45rE3mMCV1VrZXp98y8viUspP04HKveqxlmaeod0UftOlrTfK6HO7fQeaWtzWxEyQg6Xrv4xZEsoDIZAZissZF9qOjwYJBA8Dp5nyCKFZcl4xTny_rNTdR:1sQjB9:TGjNxvC3VvAJgvVb8m4uP2feWS7qVsDyhWA82i3mAUQ",
      "expire_date": "2024-07-22T07:52:55.734Z"
    }
  },
  {
    "model": "sessions.session",
    "pk": "88lv7mnuovbrq0pcrw8tqf69b2oc0nzn",
    "fields": {
      "session_data": ".eJxVjDsOwjAQRO_iGln-KGtDSc8ZrF3vggPIluKkirg7iZQCutG8N7OqhMtc0tJlSiOri7Lq9NsR5pfUHfAT66Pp3Oo8jaR3RR-061tjeV8P9--gYC_bWvjskTP5wbKJAbYgMbAggPEhk2U3CJgwkCNCB9mZe2QwMRrnHYP6fAHzHjfD:1sOZZM:L707vq-8xOpsC31uDTOVUUCNZxNySnW3MpkQk85UOCc",
      "expire_date": "2024-07-16T09:13:00.832Z"
    }
  },
  {
    "model": "sessions.session",
    "pk": "9nxd2ky5xm07vdyfvmovbn1p21p2hn7f",
    "fields": {
      "session_data": ".eJxVjDsOwjAQBe_iGln2-rdQ0ucM1vqHA8iR4qRC3B0spYD2zcx7MU_7Vv3e8-rnxC7MsNPvFig-chsg3andFh6Xtq1z4EPhB-18WlJ-Xg_376BSr6OGghqKiqoAWgTQJCTEooxLOqNzNqCKJlgqFM_k0Bkpv4WxQpikgb0_0UI27A:1sKgT4:CHd6AjOD07fS0LkiMWc1PRUR2GFv1XaBdib0-BkOoMI",
      "expire_date": "2024-07-05T15:46:26.162Z"
    }
  },
  {
    "model": "sessions.session",
    "pk": "a5k4cw537bxzt5ef0w8t5tsr07la7soa",
    "fields": {
      "session_data": ".eJxVjM0OwiAQhN-FsyFALT8evfcZyLK7SNXQpLQn47srSQ-azGm-b-YlIuxbiXvjNc4kLkJ7cfotE-CDayd0h3pbJC51W-ckuyIP2uS0ED-vh_t3UKCV73pgGyyBVpTPaID06EAFx57UGFIenE9Bs8NMvgcQgQImA6gNZGXF-wMr3zmM:1sh954:_DzU83RwM8tBNjnuiRsjAvw81xGPDZISFypfYDBqAV8",
      "expire_date": "2024-09-05T14:46:30.962Z"
    }
  },
  {
    "model": "sessions.session",
    "pk": "amx8ohr01s5mn2y09wy7snkl30iixn8w",
    "fields": {
      "session_data": ".eJxVjEEOwiAQRe_C2hCg0AGX7nsGwsygVA0kpV0Z765NutDtf-_9l4hpW0vcel7izOIsrDj9bpjokesO-J7qrUlqdV1mlLsiD9rl1Dg_L4f7d1BSL996RLKsQwYDMIBWfB2C9obUwKg1mUBonPPGs7eWyQLwCOSC4sSOMIn3B8wyN6c:1sLep5:f2As5CP7BYCbNLJDd5Z7DwUuTneh7H7FRFUYy5gYZ2k",
      "expire_date": "2024-07-08T08:13:11.607Z"
    }
  },
  {
    "model": "sessions.session",
    "pk": "ehp2v1cslauvirpohaz7y5k0qbyh7z2p",
    "fields": {
      "session_data": ".eJxVjMsOwiAQRf-FtSHA8HTp3m8gDEylaiAp7cr479qkC93ec859sZi2tcZt0BLnws5MGXb6HTHlB7WdlHtqt85zb-syI98VftDBr73Q83K4fwc1jfqtIQQBQVuZkNxkUFkVyIpinQ5oIAuJvniNRNp58GQEuKImZ4IBJwWy9wflXjcA:1sTivR:aHsJow6G_zP4uPZCtUiqvDhMM6WdlkMDArUOgaCnnYQ",
      "expire_date": "2024-07-30T14:13:05.911Z"
    }
  },
  {
    "model": "sessions.session",
    "pk": "fpye5t7mku5kcfd97n0kijmucgaosoyg",
    "fields": {
      "session_data": ".eJxVjDsOwjAQRO_iGln-KGtDSc8ZrF3vggPIluKkirg7iZQCutG8N7OqhMtc0tJlSiOri7Lq9NsR5pfUHfAT66Pp3Oo8jaR3RR-061tjeV8P9--gYC_bWvjskTP5wbKJAbYgMbAggPEhk2U3CJgwkCNCB9mZe2QwMRrnHYP6fAHzHjfD:1sOYvG:iNJEM3o0Y5EQ_CrWbojiIAvdUUvUNSJuc3JPZ9_u00s",
      "expire_date": "2024-07-16T08:31:34.032Z"
    }
  },
  {
    "model": "sessions.session",
    "pk": "hzwpy29nseim6s44rwtbt4p9m02k3kqn",
    "fields": {
      "session_data": ".eJxVjEEOwiAQRe_C2hCg0AGX7nsGwsygVA0kpV0Z765NutDtf-_9l4hpW0vcel7izOIsrDj9bpjokesO-J7qrUlqdV1mlLsiD9rl1Dg_L4f7d1BSL996RLKsQwYDMIBWfB2C9obUwKg1mUBonPPGs7eWyQLwCOSC4sSOMIn3B8wyN6c:1sMP3s:mxgIWo1fDuJ32vkI4efLHghvp0rGd1kvmicV7U8mlBI",
      "expire_date": "2024-07-10T09:35:32.902Z"
    }
  },
  {
    "model": "sessions.session",
    "pk": "icwzowinx7zy1g14h5od8ykpplvdvinj",
    "fields": {
      "session_data": ".eJxVjMEOwiAQRP-FsyHQLtvFo3e_gSxllaqBpLQn47_bJj3oHOe9mbcKvC45rE3mMCV1VrZXp98y8viUspP04HKveqxlmaeod0UftOlrTfK6HO7fQeaWtzWxEyQg6Xrv4xZEsoDIZAZissZF9qOjwYJBA8Dp5nyCKFZcl4xTny_rNTdR:1sOZAG:YJmHGufL58egL9faMYRGpuUp5ICDCzgAxZMNChm5kTk",
      "expire_date": "2024-07-16T08:47:04.798Z"
    }
  },
  {
    "model": "sessions.session",
    "pk": "jjhwe44laubw6cui20mfn2hgqykr4e2j",
    "fields": {
      "session_data": ".eJxVjDsOwjAQBe_iGlnrT2RCSc8ZrBfvGgeQI8VJhbg7iZQC2jcz760i1qXEtckcR1YXZdTpdxuQnlJ3wA_U-6TTVJd5HPSu6IM2fZtYXtfD_TsoaGWrUzKU2RtPHg7EwVp2dPaZTJ-DZaTeZRBECC4ED0Dgkutkgx2z-nwB6f84kw:1sic4E:_O9KuyFlUU1XYl-Xk7h6K5YSzf-xZc0NjTveWlqeDNc",
      "expire_date": "2024-09-09T15:55:42.603Z"
    }
  },
  {
    "model": "sessions.session",
    "pk": "jm9eubz7sdmg8blexi5z6cczf3qn8gl9",
    "fields": {
      "session_data": ".eJxVjDsOwjAQBe_iGlnexJ-Ykp4zWLveNQkgW8qnQtwdIqWA9s3Me6mE2zqmbZE5TazOCqI6_Y6E-SF1J3zHems6t7rOE-ld0Qdd9LWxPC-H-3cw4jJ-azQDhn4Q6wO7SOIoW4iMfgBAtNIbdgRochcBQ2dtkdJRESiBDXlW7w8Tdzi4:1sSY3i:04Th697JNFnVR2xv5IZSAEUw6UDHJXBpcqMTjNcpglM",
      "expire_date": "2024-07-27T08:24:46.613Z"
    }
  },
  {
    "model": "sessions.session",
    "pk": "kjrcvt4kt7mos0gqads8aha1ypjha67g",
    "fields": {
      "session_data": ".eJxVjDsOwjAQBe_iGln2-rdQ0ucM1vqHA8iR4qRC3B0spYD2zcx7MU_7Vv3e8-rnxC7MsNPvFig-chsg3andFh6Xtq1z4EPhB-18WlJ-Xg_376BSr6OGghqKiqoAWgTQJCTEooxLOqNzNqCKJlgqFM_k0Bkpv4WxQpikgb0_0UI27A:1sKWGo:9BMdMsWRoIxCLpXzLXs5324yMd7lyK83wUNO8YOk77c",
      "expire_date": "2024-07-05T04:53:06.342Z"
    }
  },
  {
    "model": "sessions.session",
    "pk": "km42sju8i4i60okh8s88mbn17wb1krcz",
    "fields": {
      "session_data": ".eJxVjDsOwjAQBe_iGlle_0NJnzNYXu9CAsiW4qRC3B0ipYD2zcx7iZS3dUpb5yXNJM5Ce3H6HTGXB9ed0D3XW5Ol1XWZUe6KPGiXYyN-Xg7372DKffrWAQs4YK8BlAUXETmT9WzJaTcoP6iADNGYiFfjvEbHuuQCYUAgJC3eH_C7N8M:1sh3Kr:ZRnd3iU8vCJtKS2xRd1d11NNTc6VIPwHTDJNkS84vAY",
      "expire_date": "2024-09-05T08:38:25.174Z"
    }
  },
  {
    "model": "sessions.session",
    "pk": "m25o9lnymvsna912lnsklnw90gzw1r4y",
    "fields": {
      "session_data": ".eJxVjkEOwiAURO_C2pAP_VBw6b5nIMCnUjWQlHZlvLs06UK3895M5s2c37fs9pZWtxC7Mgns8hsGH5-pHIQevtwrj7Vs6xL4ofCTNj5VSq_b6f4NZN9ybwuvcUShpBkSSpjtqC0EIa0EBAGGOtDakFKBIIkAcsCIyUYxDx76q88XtWQ2NA:1sdQT7:lp4XtP-IFOwcEBz85PgHb8kDjcKZ8u-Vq3MYjLNM8Ks",
      "expire_date": "2024-08-26T08:31:57.760Z"
    }
  },
  {
    "model": "sessions.session",
    "pk": "o5jllvoafd368usoi1b2lcdpn31f7mw6",
    "fields": {
      "session_data": ".eJxVjDsOwjAQRO_iGln-KGtDSc8ZrF3vggPIluKkirg7iZQCutG8N7OqhMtc0tJlSiOri7Lq9NsR5pfUHfAT66Pp3Oo8jaR3RR-061tjeV8P9--gYC_bWvjskTP5wbKJAbYgMbAggPEhk2U3CJgwkCNCB9mZe2QwMRrnHYP6fAHzHjfD:1sXNQP:7nrdSDShJXwq5dhxZkmANf8BZsiwvzMjHt7WCb08ilo",
      "expire_date": "2024-08-09T16:04:09.408Z"
    }
  },
  {
    "model": "sessions.session",
    "pk": "p4hutnxewkni82d5z82fhz86kx59p84n",
    "fields": {
      "session_data": ".eJxVjMEOwiAQRP-FsyHQLtvFo3e_gSxllaqBpLQn47_bJj3oHOe9mbcKvC45rE3mMCV1VrZXp98y8viUspP04HKveqxlmaeod0UftOlrTfK6HO7fQeaWtzWxEyQg6Xrv4xZEsoDIZAZissZF9qOjwYJBA8Dp5nyCKFZcl4xTny_rNTdR:1sQiyg:JhH9Tfjzx4A-eHzjJSjybtaM0S0U_FA6SjYrb9YSC7E",
      "expire_date": "2024-07-22T07:40:02.187Z"
    }
  },
  {
    "model": "sessions.session",
    "pk": "qqjyokbo6mv2pnkbw6y0pvjs3txfdkt0",
    "fields": {
      "session_data": ".eJxVjDsOwjAQRO_iGln-KGtDSc8ZrF3vggPIluKkirg7iZQCutG8N7OqhMtc0tJlSiOri7Lq9NsR5pfUHfAT66Pp3Oo8jaR3RR-061tjeV8P9--gYC_bWvjskTP5wbKJAbYgMbAggPEhk2U3CJgwkCNCB9mZe2QwMRrnHYP6fAHzHjfD:1sErZm:mnlaQqDCbE-tuCKhisIGgqoWHFrvLwShViwOAQntin8",
      "expire_date": "2024-06-19T14:25:18.695Z"
    }
  },
  {
    "model": "sessions.session",
    "pk": "qrnl1l5099sfjpdzp8g7vu3umqwi3eex",
    "fields": {
      "session_data": ".eJxVjkEOwiAURO_C2pAP_VBw6b5nIMCnUjWQlHZlvLs06UK3895M5s2c37fs9pZWtxC7Mgns8hsGH5-pHIQevtwrj7Vs6xL4ofCTNj5VSq_b6f4NZN9ybwuvcUShpBkSSpjtqC0EIa0EBAGGOtDakFKBIIkAcsCIyUYxDx76q88XtWQ2NA:1sXcSG:VJKX3gJUzQm-ttu0WNJkCDUILDQ0GNssOG9WTMYilts",
      "expire_date": "2024-08-10T08:07:04.402Z"
    }
  },
  {
    "model": "sessions.session",
    "pk": "r7uqpb1rdsilz5tc0ek5irfn6wtwo0qw",
    "fields": {
      "session_data": ".eJxVjEEOwiAQRe_C2hCg0AGX7nsGwsygVA0kpV0Z765NutDtf-_9l4hpW0vcel7izOIsrDj9bpjokesO-J7qrUlqdV1mlLsiD9rl1Dg_L4f7d1BSL996RLKsQwYDMIBWfB2C9obUwKg1mUBonPPGs7eWyQLwCOSC4sSOMIn3B8wyN6c:1sMPEs:zcv_K4ZfrW4zdiRjrwph-nw5OC8GgosESJLjAgyN40A",
      "expire_date": "2024-07-10T09:46:54.601Z"
    }
  },
  {
    "model": "sessions.session",
    "pk": "smlmxm51ljgbe44fqo65fklwqv65ca6g",
    "fields": {
      "session_data": ".eJxVjM0OwiAQhN-FsyFALT8evfcZyLK7SNXQpLQn47srSQ-azGm-b-YlIuxbiXvjNc4kLkJ7cfotE-CDayd0h3pbJC51W-ckuyIP2uS0ED-vh_t3UKCV73pgGyyBVpTPaID06EAFx57UGFIenE9Bs8NMvgcQgQImA6gNZGXF-wMr3zmM:1sWuvZ:YFnXZrCnuytJeQoJX0Tyt4QS5Nzc5OvFQPjyBMnB2zs",
      "expire_date": "2024-08-08T09:38:25.367Z"
    }
  },
  {
    "model": "sessions.session",
    "pk": "u6q4jrueimd9xggrl575l3pesr8j2j6g",
    "fields": {
      "session_data": ".eJxVjDsOwjAQBe_iGlnexJ-Ykp4zWLveNQkgW8qnQtwdIqWA9s3Me6mE2zqmbZE5TazOCqI6_Y6E-SF1J3zHems6t7rOE-ld0Qdd9LWxPC-H-3cw4jJ-azQDhn4Q6wO7SOIoW4iMfgBAtNIbdgRochcBQ2dtkdJRESiBDXlW7w8Tdzi4:1sRwHP:496pZNiCoGQZP3LK2yEmGWm6GI-cmzBPEffK9Lq8CAY",
      "expire_date": "2024-07-25T16:04:23.474Z"
    }
  },
  {
    "model": "sessions.session",
    "pk": "uaefx70e349op55lg0p1dz2h0u4y232z",
    "fields": {
      "session_data": ".eJxVjDsOwjAQBe_iGln2-rdQ0ucM1vqHA8iR4qRC3B0spYD2zcx7MU_7Vv3e8-rnxC7MsNPvFig-chsg3andFh6Xtq1z4EPhB-18WlJ-Xg_376BSr6OGghqKiqoAWgTQJCTEooxLOqNzNqCKJlgqFM_k0Bkpv4WxQpikgb0_0UI27A:1sLxzr:JEB1ml9qFzUxk13sMDna0SWkxlyDVCttJJgfe5w6Ab0",
      "expire_date": "2024-07-09T04:41:35.626Z"
    }
  },
  {
    "model": "sessions.session",
    "pk": "ye1y2b6vnb917n62308rfu1jzc1ilwfs",
    "fields": {
      "session_data": ".eJxVjDsOwjAQBe_iGlle_0NJnzNYXu9CAsiW4qRC3B0ipYD2zcx7iZS3dUpb5yXNJM5Ce3H6HTGXB9ed0D3XW5Ol1XWZUe6KPGiXYyN-Xg7372DKffrWAQs4YK8BlAUXETmT9WzJaTcoP6iADNGYiFfjvEbHuuQCYUAgJC3eH_C7N8M:1sh3oZ:_OgG6Nuq2KnUdaeaJZsVe2udVHeamnr53ybo9-2TnPI",
      "expire_date": "2024-09-05T09:09:07.979Z"
    }
  },
  {
    "model": "sessions.session",
    "pk": "yhn7s90coebzncc9ddsjdq7oakrbpbof",
    "fields": {
      "session_data": ".eJxVjDsOwjAQRO_iGln-KGtDSc8ZrF3vggPIluKkirg7iZQCutG8N7OqhMtc0tJlSiOri7Lq9NsR5pfUHfAT66Pp3Oo8jaR3RR-061tjeV8P9--gYC_bWvjskTP5wbKJAbYgMbAggPEhk2U3CJgwkCNCB9mZe2QwMRrnHYP6fAHzHjfD:1sNDR7:u1qvRvFSEOtITUndxvUK7mJ5eFifsTNAMA40snggK10",
      "expire_date": "2024-07-12T15:22:53.915Z"
    }
  },
  {
    "model": "sessions.session",
    "pk": "yq2jacmdn3if68arnivtr4j5jshdils1",
    "fields": {
      "session_data": ".eJxVjDsOwjAQBe_iGlle_0NJnzNYXu9CAsiW4qRC3B0ipYD2zcx7iZS3dUpb5yXNJM5Ce3H6HTGXB9ed0D3XW5Ol1XWZUe6KPGiXYyN-Xg7372DKffrWAQs4YK8BlAUXETmT9WzJaTcoP6iADNGYiFfjvEbHuuQCYUAgJC3eH_C7N8M:1sh3Om:V6-JsdnIiN9vxWKBfLS3KBB_RrzCpaXzFAEi9fKzirA",
      "expire_date": "2024-09-05T08:42:28.056Z"
    }
  },
  {
    "model": "sessions.session",
    "pk": "z1vrva08825tv1zxq21adwzgms211xis",
    "fields": {
      "session_data": ".eJxVjDsOwjAQBe_iGln4t3Yo6XMGa-3d4ACypTipEHeHSCmgfTPzXiLitpa4dV7iTOIilBen3zFhfnDdCd2x3prMra7LnOSuyIN2OTbi5_Vw_w4K9vKtrUEaAmgdGD1yAsh2MJzYQQavHE-AKiBZAsNnRjux0llZJuuc0Ua8PxsAOGk:1sQivo:hiGJg_vruYJtd7KdD1FDcvOiR8WXs2rwd0NhmzgCq5s",
      "expire_date": "2024-07-22T07:37:04.417Z"
    }
  },
  {
    "model": "sessions.session",
    "pk": "zdx9ewjn4j2j4hhm42c924lpxq4lvw3k",
    "fields": {
      "session_data": ".eJxVjDsOwjAQBe_iGlnexJ-Ykp4zWLveNQkgW8qnQtwdIqWA9s3Me6mE2zqmbZE5TazOCqI6_Y6E-SF1J3zHems6t7rOE-ld0Qdd9LWxPC-H-3cw4jJ-azQDhn4Q6wO7SOIoW4iMfgBAtNIbdgRochcBQ2dtkdJRESiBDXlW7w8Tdzi4:1sSJE9:4YkR4CM766ysLg97GRUdJ5T_4yCH8en3JNgBOmc4LuI",
      "expire_date": "2024-07-26T16:34:33.557Z"
    }
  },
  {
    "model": "mychatapp.profile",
    "pk": 3,
    "fields": {
      "user": 1,
      "name": "admin",
      "first_name": "nadeem",
      "last_name": "khan",
      "pic": "img/iheb-ab-OBufvGMaBaQ-unsplash_jYa2ect.jpg",
      "friends": [18, 19, 20, 26]
    }
  },
  {
    "model": "mychatapp.profile",
    "pk": 18,
    "fields": {
      "user": 18,
      "name": "nadeem",
      "first_name": null,
      "last_name": null,
      "pic": "img/prashant-saini-BeoRcYyVgxE-unsplash_F5aiSJS.jpg",
      "friends": [1, 19, 20]
    }
  },
  {
    "model": "mychatapp.profile",
    "pk": 19,
    "fields": {
      "user": 19,
      "name": "parvez",
      "first_name": null,
      "last_name": null,
      "pic": "img/christopher-campbell-rDEOVtE7vOs-unsplash_frheUyD.jpg",
      "friends": [1, 18, 20]
    }
  },
  {
    "model": "mychatapp.profile",
    "pk": 20,
    "fields": {
      "user": 20,
      "name": "mary",
      "first_name": null,
      "last_name": null,
      "pic": "img/nick-herasimenka-rnRN0Tzpb1U-unsplash_4tF8fQ5.jpg",
      "friends": [1, 18, 19, 26]
    }
  },
  {
    "model": "mychatapp.profile",
    "pk": 21,
    "fields": {
      "user": 21,
      "name": "jack",
      "first_name": null,
      "last_name": null,
      "pic": "img/mateo-avila-chinchilla-x_8oJhYU31k-unsplash.jpg",
      "friends": []
    }
  },
  {
    "model": "mychatapp.profile",
    "pk": 25,
    "fields": {
      "user": 25,
      "name": "kumar",
      "first_name": "kumar",
      "last_name": "khan",
      "pic": "img/mateo-avila-chinchilla-x_8oJhYU31k-unsplash_BtW1Rlr.jpg",
      "friends": []
    }
  },
  {
    "model": "mychatapp.profile",
    "pk": 26,
    "fields": {
      "user": 26,
      "name": "nithi",
      "first_name": "nithish",
      "last_name": "kumar",
      "pic": "img/christopher-campbell-rDEOVtE7vOs-unsplash_GYXa9yR.jpg",
      "friends": [1, 20]
    }
  },
  {
    "model": "mychatapp.friendrequest",
    "pk": 64,
    "fields": { "sender": 25, "receiver": 1, "seen": true }
  },
  {
    "model": "mychatapp.friendrequest",
    "pk": 65,
    "fields": { "sender": 21, "receiver": 1, "seen": true }
  },
  {
    "model": "mychatapp.friendrequest",
    "pk": 69,
    "fields": { "sender": 18, "receiver": 26, "seen": false }
  },
  {
    "model": "mychatapp.chatmessage",
    "pk": 111,
    "fields": {
      "body": "asdfwe",
      "msg_sender": 3,
      "msg_receiver": 18,
      "seen": true
    }
  },
  {
    "model": "mychatapp.chatmessage",
    "pk": 112,
    "fields": {
      "body": "sfwe",
      "msg_sender": 3,
      "msg_receiver": 18,
      "seen": true
    }
  },
  {
    "model": "mychatapp.chatmessage",
    "pk": 113,
    "fields": {
      "body": "wefwef",
      "msg_sender": 18,
      "msg_receiver": 3,
      "seen": true
    }
  },
  {
    "model": "mychatapp.chatmessage",
    "pk": 114,
    "fields": {
      "body": "wefwef",
      "msg_sender": 3,
      "msg_receiver": 18,
      "seen": true
    }
  },
  {
    "model": "mychatapp.chatmessage",
    "pk": 115,
    "fields": {
      "body": "sdfwef",
      "msg_sender": 25,
      "msg_receiver": 3,
      "seen": true
    }
  },
  {
    "model": "mychatapp.chatmessage",
    "pk": 116,
    "fields": {
      "body": "wefwef",
      "msg_sender": 3,
      "msg_receiver": 25,
      "seen": true
    }
  },
  {
    "model": "mychatapp.chatmessage",
    "pk": 117,
    "fields": {
      "body": "wefwef",
      "msg_sender": 25,
      "msg_receiver": 3,
      "seen": true
    }
  },
  {
    "model": "mychatapp.chatmessage",
    "pk": 118,
    "fields": {
      "body": "hi",
      "msg_sender": 25,
      "msg_receiver": 3,
      "seen": true
    }
  },
  {
    "model": "mychatapp.chatmessage",
    "pk": 119,
    "fields": {
      "body": "hi admin",
      "msg_sender": 20,
      "msg_receiver": 3,
      "seen": true
    }
  },
  {
    "model": "mychatapp.chatmessage",
    "pk": 120,
    "fields": {
      "body": "I'm mary",
      "msg_sender": 20,
      "msg_receiver": 3,
      "seen": true
    }
  },
  {
    "model": "mychatapp.chatmessage",
    "pk": 121,
    "fields": {
      "body": "sfwef",
      "msg_sender": 18,
      "msg_receiver": 3,
      "seen": true
    }
  },
  {
    "model": "mychatapp.chatmessage",
    "pk": 122,
    "fields": {
      "body": "wefwef",
      "msg_sender": 18,
      "msg_receiver": 3,
      "seen": true
    }
  },
  {
    "model": "mychatapp.chatmessage",
    "pk": 123,
    "fields": {
      "body": "wefwef",
      "msg_sender": 18,
      "msg_receiver": 3,
      "seen": true
    }
  },
  {
    "model": "mychatapp.chatmessage",
    "pk": 124,
    "fields": {
      "body": "wefwef",
      "msg_sender": 3,
      "msg_receiver": 18,
      "seen": true
    }
  },
  {
    "model": "mychatapp.chatmessage",
    "pk": 125,
    "fields": {
      "body": "wefwef",
      "msg_sender": 3,
      "msg_receiver": 18,
      "seen": true
    }
  },
  {
    "model": "mychatapp.chatmessage",
    "pk": 126,
    "fields": {
      "body": "wefwef",
      "msg_sender": 3,
      "msg_receiver": 18,
      "seen": true
    }
  },
  {
    "model": "mychatapp.chatmessage",
    "pk": 127,
    "fields": {
      "body": "hello",
      "msg_sender": 3,
      "msg_receiver": 18,
      "seen": true
    }
  },
  {
    "model": "mychatapp.chatmessage",
    "pk": 128,
    "fields": {
      "body": "sdfef",
      "msg_sender": 3,
      "msg_receiver": 18,
      "seen": true
    }
  },
  {
    "model": "mychatapp.chatmessage",
    "pk": 129,
    "fields": {
      "body": "wefwe",
      "msg_sender": 3,
      "msg_receiver": 18,
      "seen": true
    }
  },
  {
    "model": "mychatapp.chatmessage",
    "pk": 130,
    "fields": {
      "body": "rgrgr",
      "msg_sender": 3,
      "msg_receiver": 18,
      "seen": true
    }
  },
  {
    "model": "mychatapp.chatmessage",
    "pk": 131,
    "fields": {
      "body": "rtyi8ku",
      "msg_sender": 3,
      "msg_receiver": 18,
      "seen": true
    }
  },
  {
    "model": "mychatapp.chatmessage",
    "pk": 132,
    "fields": {
      "body": "fdgsfwe",
      "msg_sender": 3,
      "msg_receiver": 18,
      "seen": true
    }
  },
  {
    "model": "mychatapp.chatmessage",
    "pk": 133,
    "fields": {
      "body": "sweew4g",
      "msg_sender": 3,
      "msg_receiver": 18,
      "seen": true
    }
  },
  {
    "model": "mychatapp.chatmessage",
    "pk": 134,
    "fields": {
      "body": "tgwere",
      "msg_sender": 3,
      "msg_receiver": 18,
      "seen": true
    }
  },
  {
    "model": "mychatapp.chatmessage",
    "pk": 135,
    "fields": {
      "body": "hi i am nadeem",
      "msg_sender": 3,
      "msg_receiver": 18,
      "seen": true
    }
  },
  {
    "model": "mychatapp.chatmessage",
    "pk": 136,
    "fields": {
      "body": "waefrer",
      "msg_sender": 3,
      "msg_receiver": 18,
      "seen": true
    }
  },
  {
    "model": "mychatapp.chatmessage",
    "pk": 137,
    "fields": {
      "body": "ewefwef",
      "msg_sender": 18,
      "msg_receiver": 3,
      "seen": true
    }
  },
  {
    "model": "mychatapp.chatmessage",
    "pk": 138,
    "fields": {
      "body": "wefwef",
      "msg_sender": 3,
      "msg_receiver": 18,
      "seen": true
    }
  },
  {
    "model": "mychatapp.chatmessage",
    "pk": 139,
    "fields": {
      "body": "fefwe",
      "msg_sender": 3,
      "msg_receiver": 18,
      "seen": true
    }
  },
  {
    "model": "mychatapp.chatmessage",
    "pk": 140,
    "fields": {
      "body": "erter",
      "msg_sender": 18,
      "msg_receiver": 3,
      "seen": true
    }
  },
  {
    "model": "mychatapp.chatmessage",
    "pk": 141,
    "fields": {
      "body": "grgerg",
      "msg_sender": 18,
      "msg_receiver": 3,
      "seen": true
    }
  },
  {
    "model": "mychatapp.chatmessage",
    "pk": 142,
    "fields": {
      "body": "grrergwe",
      "msg_sender": 3,
      "msg_receiver": 18,
      "seen": true
    }
  },
  {
    "model": "mychatapp.chatmessage",
    "pk": 143,
    "fields": {
      "body": "rwrefwe",
      "msg_sender": 18,
      "msg_receiver": 3,
      "seen": true
    }
  },
  {
    "model": "mychatapp.chatmessage",
    "pk": 144,
    "fields": {
      "body": "dhrthrthrth",
      "msg_sender": 18,
      "msg_receiver": 3,
      "seen": true
    }
  },
  {
    "model": "mychatapp.chatmessage",
    "pk": 145,
    "fields": {
      "body": "erhertwre",
      "msg_sender": 18,
      "msg_receiver": 3,
      "seen": true
    }
  },
  {
    "model": "mychatapp.chatmessage",
    "pk": 146,
    "fields": {
      "body": "hello nadeem",
      "msg_sender": 3,
      "msg_receiver": 18,
      "seen": true
    }
  },
  {
    "model": "mychatapp.chatmessage",
    "pk": 147,
    "fields": {
      "body": "I'm Admin",
      "msg_sender": 3,
      "msg_receiver": 18,
      "seen": true
    }
  },
  {
    "model": "mychatapp.chatmessage",
    "pk": 148,
    "fields": {
      "body": "wefwef",
      "msg_sender": 21,
      "msg_receiver": 18,
      "seen": false
    }
  },
  {
    "model": "mychatapp.chatmessage",
    "pk": 149,
    "fields": {
      "body": "wefwregr",
      "msg_sender": 20,
      "msg_receiver": 3,
      "seen": true
    }
  },
  {
    "model": "mychatapp.chatmessage",
    "pk": 150,
    "fields": {
      "body": "wefwe",
      "msg_sender": 20,
      "msg_receiver": 3,
      "seen": true
    }
  },
  {
    "model": "mychatapp.chatmessage",
    "pk": 151,
    "fields": {
      "body": "sdvegfwe",
      "msg_sender": 20,
      "msg_receiver": 3,
      "seen": true
    }
  },
  {
    "model": "mychatapp.chatmessage",
    "pk": 152,
    "fields": {
      "body": "sdfewe",
      "msg_sender": 3,
      "msg_receiver": 18,
      "seen": true
    }
  },
  {
    "model": "mychatapp.chatmessage",
    "pk": 153,
    "fields": {
      "body": "q3w3r",
      "msg_sender": 3,
      "msg_receiver": 18,
      "seen": true
    }
  },
  {
    "model": "mychatapp.chatmessage",
    "pk": 154,
    "fields": {
      "body": "hi mary",
      "msg_sender": 3,
      "msg_receiver": 20,
      "seen": true
    }
  },
  {
    "model": "mychatapp.chatmessage",
    "pk": 155,
    "fields": {
      "body": "hid",
      "msg_sender": 3,
      "msg_receiver": 18,
      "seen": true
    }
  },
  {
    "model": "mychatapp.chatmessage",
    "pk": 156,
    "fields": {
      "body": "hello",
      "msg_sender": 3,
      "msg_receiver": 18,
      "seen": true
    }
  },
  {
    "model": "mychatapp.chatmessage",
    "pk": 157,
    "fields": {
      "body": "hello parvez",
      "msg_sender": 3,
      "msg_receiver": 19,
      "seen": true
    }
  },
  {
    "model": "mychatapp.chatmessage",
    "pk": 158,
    "fields": {
      "body": "gergaer",
      "msg_sender": 18,
      "msg_receiver": 3,
      "seen": true
    }
  },
  {
    "model": "mychatapp.chatmessage",
    "pk": 159,
    "fields": {
      "body": "sewewere",
      "msg_sender": 3,
      "msg_receiver": 18,
      "seen": true
    }
  },
  {
    "model": "mychatapp.chatmessage",
    "pk": 160,
    "fields": {
      "body": "werefwe",
      "msg_sender": 3,
      "msg_receiver": 18,
      "seen": true
    }
  },
  {
    "model": "mychatapp.chatmessage",
    "pk": 161,
    "fields": {
      "body": "awefwe",
      "msg_sender": 18,
      "msg_receiver": 3,
      "seen": true
    }
  },
  {
    "model": "mychatapp.chatmessage",
    "pk": 162,
    "fields": {
      "body": "awewefe",
      "msg_sender": 18,
      "msg_receiver": 3,
      "seen": true
    }
  },
  {
    "model": "mychatapp.chatmessage",
    "pk": 163,
    "fields": {
      "body": "hi ",
      "msg_sender": 26,
      "msg_receiver": 20,
      "seen": true
    }
  },
  {
    "model": "mychatapp.chatmessage",
    "pk": 164,
    "fields": {
      "body": "hello",
      "msg_sender": 20,
      "msg_receiver": 26,
      "seen": true
    }
  },
  {
    "model": "mychatapp.chatmessage",
    "pk": 165,
    "fields": {
      "body": "hw r u",
      "msg_sender": 26,
      "msg_receiver": 20,
      "seen": true
    }
  },
  {
    "model": "mychatapp.chatmessage",
    "pk": 166,
    "fields": {
      "body": "yeah I'm good",
      "msg_sender": 20,
      "msg_receiver": 26,
      "seen": true
    }
  },
  {
    "model": "mychatapp.chatmessage",
    "pk": 167,
    "fields": {
      "body": "hello",
      "msg_sender": 26,
      "msg_receiver": 20,
      "seen": true
    }
  },
  {
    "model": "mychatapp.chatmessage",
    "pk": 168,
    "fields": {
      "body": "hrether",
      "msg_sender": 20,
      "msg_receiver": 26,
      "seen": true
    }
  },
  {
    "model": "mychatapp.chatmessage",
    "pk": 169,
    "fields": {
      "body": "ewfre",
      "msg_sender": 26,
      "msg_receiver": 20,
      "seen": true
    }
  },
  {
    "model": "mychatapp.chatmessage",
    "pk": 170,
    "fields": {
      "body": "ewfrew",
      "msg_sender": 26,
      "msg_receiver": 20,
      "seen": true
    }
  },
  {
    "model": "mychatapp.chatmessage",
    "pk": 171,
    "fields": {
      "body": "wewef",
      "msg_sender": 26,
      "msg_receiver": 20,
      "seen": true
    }
  },
  {
    "model": "mychatapp.chatmessage",
    "pk": 172,
    "fields": {
      "body": "awefwefwe",
      "msg_sender": 20,
      "msg_receiver": 26,
      "seen": true
    }
  },
  {
    "model": "mychatapp.chatmessage",
    "pk": 173,
    "fields": {
      "body": "wefwef",
      "msg_sender": 26,
      "msg_receiver": 20,
      "seen": true
    }
  },
  {
    "model": "mychatapp.chatmessage",
    "pk": 174,
    "fields": {
      "body": "awefwef",
      "msg_sender": 26,
      "msg_receiver": 20,
      "seen": true
    }
  },
  {
    "model": "mychatapp.chatmessage",
    "pk": 175,
    "fields": {
      "body": "wefwefwf",
      "msg_sender": 26,
      "msg_receiver": 20,
      "seen": true
    }
  },
  {
    "model": "mychatapp.chatmessage",
    "pk": 176,
    "fields": {
      "body": "fwewe",
      "msg_sender": 26,
      "msg_receiver": 20,
      "seen": true
    }
  },
  {
    "model": "mychatapp.chatmessage",
    "pk": 177,
    "fields": {
      "body": "wefwef",
      "msg_sender": 26,
      "msg_receiver": 20,
      "seen": true
    }
  },
  {
    "model": "mychatapp.chatmessage",
    "pk": 178,
    "fields": {
      "body": "weefawef",
      "msg_sender": 26,
      "msg_receiver": 20,
      "seen": true
    }
  },
  {
    "model": "mychatapp.chatmessage",
    "pk": 179,
    "fields": {
      "body": "wefawef",
      "msg_sender": 26,
      "msg_receiver": 20,
      "seen": true
    }
  },
  {
    "model": "mychatapp.chatmessage",
    "pk": 180,
    "fields": {
      "body": "wewef",
      "msg_sender": 26,
      "msg_receiver": 20,
      "seen": true
    }
  },
  {
    "model": "mychatapp.chatmessage",
    "pk": 181,
    "fields": {
      "body": "wefwefe",
      "msg_sender": 20,
      "msg_receiver": 26,
      "seen": true
    }
  },
  {
    "model": "mychatapp.chatmessage",
    "pk": 182,
    "fields": {
      "body": "wefwefw",
      "msg_sender": 20,
      "msg_receiver": 26,
      "seen": true
    }
  },
  {
    "model": "mychatapp.chatmessage",
    "pk": 183,
    "fields": {
      "body": "wefwefwef",
      "msg_sender": 26,
      "msg_receiver": 20,
      "seen": true
    }
  },
  {
    "model": "mychatapp.chatmessage",
    "pk": 184,
    "fields": {
      "body": "wefwef",
      "msg_sender": 26,
      "msg_receiver": 20,
      "seen": true
    }
  },
  {
    "model": "mychatapp.chatmessage",
    "pk": 185,
    "fields": {
      "body": "sdfsgrg",
      "msg_sender": 20,
      "msg_receiver": 26,
      "seen": true
    }
  },
  {
    "model": "mychatapp.chatmessage",
    "pk": 186,
    "fields": {
      "body": "wefwef",
      "msg_sender": 26,
      "msg_receiver": 20,
      "seen": true
    }
  },
  {
    "model": "mychatapp.chatmessage",
    "pk": 187,
    "fields": {
      "body": "ascas",
      "msg_sender": 26,
      "msg_receiver": 20,
      "seen": true
    }
  },
  {
    "model": "mychatapp.chatmessage",
    "pk": 188,
    "fields": {
      "body": "wr4wegr",
      "msg_sender": 20,
      "msg_receiver": 26,
      "seen": true
    }
  },
  {
    "model": "mychatapp.chatmessage",
    "pk": 189,
    "fields": {
      "body": "wefwefsd",
      "msg_sender": 26,
      "msg_receiver": 20,
      "seen": true
    }
  },
  {
    "model": "mychatapp.chatmessage",
    "pk": 190,
    "fields": {
      "body": "weffrw",
      "msg_sender": 26,
      "msg_receiver": 20,
      "seen": true
    }
  },
  {
    "model": "mychatapp.chatmessage",
    "pk": 191,
    "fields": {
      "body": "wefwef",
      "msg_sender": 20,
      "msg_receiver": 26,
      "seen": true
    }
  },
  {
    "model": "mychatapp.chatmessage",
    "pk": 192,
    "fields": {
      "body": "wefwrewr",
      "msg_sender": 26,
      "msg_receiver": 20,
      "seen": true
    }
  },
  {
    "model": "mychatapp.chatmessage",
    "pk": 193,
    "fields": {
      "body": "wefwswdf",
      "msg_sender": 26,
      "msg_receiver": 20,
      "seen": true
    }
  },
  {
    "model": "mychatapp.chatmessage",
    "pk": 194,
    "fields": {
      "body": "wefsfs",
      "msg_sender": 26,
      "msg_receiver": 20,
      "seen": true
    }
  },
  {
    "model": "mychatapp.chatmessage",
    "pk": 195,
    "fields": {
      "body": "wefsdfs",
      "msg_sender": 26,
      "msg_receiver": 20,
      "seen": true
    }
  },
  {
    "model": "mychatapp.chatmessage",
    "pk": 196,
    "fields": {
      "body": "wefwerq",
      "msg_sender": 20,
      "msg_receiver": 26,
      "seen": true
    }
  },
  {
    "model": "mychatapp.chatmessage",
    "pk": 197,
    "fields": {
      "body": "wefwefw",
      "msg_sender": 26,
      "msg_receiver": 20,
      "seen": true
    }
  },
  {
    "model": "mychatapp.chatmessage",
    "pk": 198,
    "fields": {
      "body": "wefwef",
      "msg_sender": 26,
      "msg_receiver": 20,
      "seen": true
    }
  },
  {
    "model": "mychatapp.chatmessage",
    "pk": 199,
    "fields": {
      "body": "wefwefw",
      "msg_sender": 20,
      "msg_receiver": 26,
      "seen": false
    }
  },
  {
    "model": "mychatapp.chatmessage",
    "pk": 200,
    "fields": {
      "body": "wefwe",
      "msg_sender": 3,
      "msg_receiver": 20,
      "seen": true
    }
  },
  {
    "model": "mychatapp.chatmessage",
    "pk": 201,
    "fields": {
      "body": "awefwef",
      "msg_sender": 18,
      "msg_receiver": 20,
      "seen": true
    }
  },
  {
    "model": "mychatapp.chatmessage",
    "pk": 202,
    "fields": {
      "body": "wefwet",
      "msg_sender": 20,
      "msg_receiver": 18,
      "seen": true
    }
  },
  {
    "model": "mychatapp.chatmessage",
    "pk": 203,
    "fields": {
      "body": "fawewe",
      "msg_sender": 18,
      "msg_receiver": 20,
      "seen": true
    }
  },
  {
    "model": "mychatapp.chatmessage",
    "pk": 204,
    "fields": {
      "body": "wefawef",
      "msg_sender": 18,
      "msg_receiver": 20,
      "seen": true
    }
  },
  {
    "model": "mychatapp.chatmessage",
    "pk": 205,
    "fields": {
      "body": "wfewef",
      "msg_sender": 20,
      "msg_receiver": 18,
      "seen": true
    }
  },
  {
    "model": "mychatapp.chatmessage",
    "pk": 206,
    "fields": {
      "body": "wefwef",
      "msg_sender": 18,
      "msg_receiver": 20,
      "seen": true
    }
  },
  {
    "model": "mychatapp.chatmessage",
    "pk": 207,
    "fields": {
      "body": "awefwet",
      "msg_sender": 19,
      "msg_receiver": 18,
      "seen": true
    }
  },
  {
    "model": "mychatapp.chatmessage",
    "pk": 208,
    "fields": {
      "body": "sadfwefr",
      "msg_sender": 3,
      "msg_receiver": 18,
      "seen": false
    }
  },
  {
    "model": "mychatapp.chatmessage",
    "pk": 209,
    "fields": {
      "body": "wefawef",
      "msg_sender": 3,
      "msg_receiver": 19,
      "seen": false
    }
  }
]
